amount,oldbalanceOrg,newbalanceOrig,oldbalanceDest,newbalanceDest,isFraud
108019,12278,66926,151536,26069,0
17264,193476,80147,54178,49708,0
13902,11951,141401,21781,8913,0
185494,62190,13749,112292,68364,1
37413,60292,90066,114276,101795,0
94109,146110,156865,73098,153758,0
124900,187830,33069,159156,191071,0
21072,129422,185266,145119,115964,0
41612,24738,121462,115686,67502,0
71556,43205,147158,168350,117632,0
28251,195656,174889,3012,190154,0
141723,107278,117426,14071,105592,0
22514,163929,32223,40985,177391,0
192471,57444,94657,184242,52555,1
174494,60957,114490,20948,84446,1
157291,35504,18821,81317,189438,1
14501,74574,168397,82282,144437,0
29629,38647,155123,167722,18436,0
108510,27698,128405,97792,166151,0
67979,198238,69203,19648,183796,0
27770,186866,97928,873,74700,0
46208,69892,42834,39273,105193,0
176307,85203,25578,186217,108730,1
189950,49577,106372,154678,168634,1
27811,25198,144903,47251,87706,0
93666,37510,102622,129797,177922,0
78001,12164,78919,195186,66707,0
145756,186251,87796,85869,5292,0
57228,62340,125821,150285,151105,0
3673,106537,86806,65909,175372,0
91407,138717,47716,150388,14698,0
140973,168022,143234,125819,95163,0
33516,149810,128582,158967,142360,0
109308,36766,151785,195749,177305,0
162763,169939,154161,41193,36652,1
16106,65507,38210,165322,6017,0
11773,161830,141839,121999,149473,0
106658,42670,4827,158857,103230,0
1696,129470,138378,165585,14698,0
47226,86431,149406,172991,35833,0
12325,30870,155589,157367,71064,0
159590,50702,105875,104646,141969,1
11845,86111,111228,195751,51636,0
47440,9496,132376,7530,177603,0
3875,12628,148051,192382,144787,0
186249,128898,59671,84970,62861,1
82174,68824,172516,121123,120630,0
192536,141332,130082,78711,38350,1
120041,152009,136679,57780,96605,0
150821,14554,37550,16621,45402,1
199288,191412,178025,68295,43144,1
194208,110658,106722,54259,71293,1
11516,76384,81490,171814,112923,0
26925,190362,59813,73007,193791,0
160901,30333,172044,125573,189445,1
150146,75271,70094,20140,194569,1
113919,26807,4577,62374,60015,0
123017,195798,194411,39607,151144,0
160559,181790,5041,134810,25422,1
119863,7127,32229,89175,98849,0
62533,93172,132141,189682,159644,0
64383,28775,27415,48653,17425,0
160731,183986,59461,164780,127744,1
107483,2545,87412,173435,136949,0
90853,116831,188319,47291,55609,0
167409,79026,139866,177133,65181,1
28624,139422,166640,57080,119509,0
85957,186279,60790,174653,69001,0
195139,68141,156921,85327,41333,1
73331,33455,163170,107837,123901,0
197469,183281,6285,163604,72223,1
156429,102178,30770,29547,9555,1
70973,186183,143219,601,115727,0
164935,74491,198229,91014,158068,1
37285,130318,88907,52835,107541,0
193338,110451,48918,149445,498,1
108070,13162,156705,35643,858,0
185135,60724,41359,37238,56687,1
115781,115645,115189,462,112663,0
27300,145066,41630,27712,41135,0
46550,32041,32299,193618,130922,0
83908,77438,154132,97399,176171,0
15817,74584,90244,154064,191699,0
38919,119309,128750,7393,80252,0
44616,171957,149700,151106,45043,0
52534,166501,68927,117444,24708,0
175880,35672,65239,159132,172380,1
68433,63705,129456,22392,76050,0
20477,82484,154411,18026,169907,0
117701,4685,115921,156967,10572,0
138720,7342,60786,131221,13813,0
129621,157872,157349,155734,68826,0
54315,123482,31347,124877,99050,0
155662,47676,190652,93589,59660,1
12771,175033,183934,145741,169753,0
134102,125258,156102,14323,22933,0
112485,57005,59430,96412,124782,0
167740,152529,164860,43990,197235,1
176157,149153,16201,54603,17806,1
59579,183881,156911,68441,15335,0
5023,125233,71138,61988,168071,0
51935,17255,3119,133575,24306,0
42873,109541,52004,130153,11180,0
70778,34708,190271,52352,3779,0
89289,2074,183149,193063,107800,0
57017,127571,89040,147231,32369,0
63963,42436,162689,59223,38797,0
192175,132651,81469,128205,6826,1
187520,179079,114579,100474,53651,1
187731,184954,160583,141965,48429,1
49713,199968,178535,10919,174902,0
94337,199036,13792,4440,75199,0
142949,32349,140973,112051,825,0
74478,81551,144277,36180,195877,0
123003,41388,154049,175462,94827,0
184758,82258,54399,169845,110574,1
117793,148779,147397,180377,179588,0
109408,89493,87518,178368,66366,0
176915,109012,184394,144088,168759,1
14403,65494,196104,31540,128958,0
70146,184940,95922,173189,180313,0
127408,134248,91185,3202,162298,0
186275,127194,6840,180507,21298,1
165758,113508,137800,157224,97700,1
11872,169088,67960,68650,116453,0
116871,91183,184282,54168,46581,0
199698,86234,170538,149373,42701,1
148779,101367,141657,5161,16282,0
3197,149788,109781,10688,103253,0
167086,180192,53431,3987,163352,1
84671,46206,132717,92967,190074,0
140406,24098,39953,49338,56786,0
120902,175688,66764,162291,60258,0
152671,140395,54751,14549,154220,1
112058,188036,40453,37165,103880,0
169633,130298,77140,16320,95024,1
91839,175347,89998,176346,67184,0
162540,6797,117602,159447,179924,1
10770,21986,9299,180130,151592,0
40186,63769,169001,56166,56489,0
162222,11677,97400,137841,44279,1
59276,78738,44733,58117,180561,0
119903,25077,132736,190833,90410,0
192854,9042,112313,23196,51256,1
107650,70318,101048,91445,101800,0
128393,75044,175865,2859,157414,0
117652,170261,63930,187034,144029,0
55263,130590,173456,151744,165985,0
62171,157757,26630,4685,83853,0
25154,39336,68661,119300,103012,0
181527,130830,90963,163022,182938,1
32859,112271,188036,163788,11708,0
54959,22073,167182,171043,124026,0
47047,116391,105271,168777,40842,0
150154,181248,106698,138423,77804,1
133642,59431,10233,81070,22165,0
172131,54894,165464,191074,116308,1
123392,81049,168872,136915,62763,0
10832,41766,15786,4151,66022,0
34944,124791,45900,156024,6434,0
123015,154548,126115,68283,40597,0
130060,11263,139442,59939,58153,0
94660,138592,99508,134250,130695,0
96228,170833,173598,23722,191022,0
71160,112651,84575,92092,176974,0
32239,9026,76487,87963,147467,0
151772,80476,123906,94413,19067,1
59504,169456,9981,138260,2183,0
184289,51600,41965,951,5445,1
180544,11439,28442,164180,68034,1
161134,42215,135645,66407,70827,1
89067,24334,137106,194991,4481,0
104039,89347,28411,22009,34167,0
133203,93567,79508,56549,102388,0
49746,177049,187668,108872,31005,0
20949,18922,189918,119877,15843,0
29267,171786,174951,124237,167803,0
28576,100487,193200,161549,198402,0
163055,21044,162564,37168,110867,1
30885,102017,32648,136453,169887,0
197638,81220,171390,121540,121635,1
11663,107292,63459,162165,118264,0
105724,177949,63815,139785,102018,0
31023,170263,178752,16409,148106,0
112142,52372,179698,183991,162649,0
118625,147882,171243,85885,93945,0
116668,41873,195982,53126,102153,0
162809,110634,81828,199167,102997,1
37712,127334,191548,60976,102323,0
147236,99118,153497,128852,100831,0
66665,46645,79866,187078,96561,0
38359,150295,58047,110264,84802,0
151119,5234,42487,98910,21837,1
71037,161097,147874,167822,162970,0
63562,63827,38825,89910,4640,0
110161,138614,16594,129435,101243,0
8308,193783,119230,166033,9567,0
67978,14148,75462,389,66771,0
144039,2720,22759,69920,173838,0
152162,158248,184347,144233,53851,1
73901,12332,157862,81326,108462,0
128852,69363,173024,27190,137133,0
145442,15531,144179,144478,49086,0
46255,19059,12,140331,43868,0
4763,175767,147285,184515,47225,0
6588,70083,159036,34314,44572,0
149135,72264,13219,188416,125833,0
195731,49285,36670,151736,182531,1
186397,144297,152845,153253,56721,1
39858,130641,133454,11807,50143,0
61460,164519,125235,21659,162773,0
195699,133426,37531,152600,166661,1
101570,176593,71052,180596,148545,0
181704,199435,148322,77858,114103,1
148900,38502,38606,15272,197059,0
11669,56548,66335,15110,167174,0
30622,183865,141911,187826,186061,0
197125,3472,118891,89730,163238,1
93068,146884,180745,32655,53879,0
114293,186370,122909,64988,111535,0
104714,14060,41645,152915,192154,0
6586,99127,190060,5272,52589,0
148399,40657,198095,59517,43425,0
14012,71540,24275,124334,75139,0
107711,62214,99997,154927,171789,0
94545,181976,75079,138789,55854,0
194812,13304,136218,9463,196262,1
89843,38230,197937,42027,104343,0
83315,198952,42020,113484,82916,0
172518,45764,146395,152676,193151,1
145723,19401,166317,118090,67143,0
126318,154180,82464,50092,15363,0
99089,196341,22024,148942,167609,0
55665,54880,176127,165809,37599,0
172961,143712,130521,77666,50984,1
120200,50764,106481,17137,30479,0
10531,148197,150244,158618,21689,0
37182,140943,3353,73100,5185,0
122885,183116,91411,197007,138584,0
46367,77340,139998,28795,181377,0
132166,106849,107740,60527,182222,0
26423,83114,125421,86610,158269,0
27357,56630,41131,27136,181259,0
33582,144882,5999,9033,120184,0
35694,114508,149781,95854,93920,0
4390,79498,192069,92338,163475,0
166886,56007,120994,170598,48609,1
63025,53755,12603,8795,198002,0
13253,111343,22427,66478,163753,0
37982,53841,12335,51708,72438,0
19580,28391,9816,142213,132023,0
33473,163472,34097,9889,139022,0
131715,105349,68686,14078,95510,0
38337,140752,151024,146617,159741,0
160071,30567,4497,189191,14487,1
122212,84919,73460,42865,18567,0
92817,138197,112804,139380,162358,0
51732,92172,135428,63338,36628,0
71998,14161,177634,177058,124144,0
88560,43492,49463,188101,152100,0
194852,93885,25090,6238,174111,1
150603,38223,109731,191783,140549,1
47117,174809,114117,34554,79050,0
131024,90706,193830,162711,59887,0
56346,146936,143229,186332,46770,0
7564,83544,99537,118734,113742,0
110748,195171,185792,21715,83592,0
114215,58249,17077,26124,159065,0
136378,107578,82615,98625,123883,0
86362,28836,181995,195512,185857,0
182507,44797,130828,147197,146961,1
69524,141452,62978,26644,68665,0
68380,30874,82637,73213,141415,0
20697,133045,127555,27890,182826,0
44688,21455,57290,160494,40447,0
136597,50662,150745,140978,76562,0
131800,177191,78404,60228,135938,0
60756,191571,179826,109612,148573,0
90708,87878,30520,81236,437,0
91846,25052,111650,168266,149004,0
143841,88072,67926,46134,107188,0
108865,74170,115456,187725,136951,0
146525,196064,82826,55510,142354,0
16443,63828,186322,66507,153276,0
139477,132450,147664,159412,135715,0
174886,178555,29300,60027,183898,1
91564,64756,81609,29676,196460,0
181765,19423,65583,60400,182299,1
76975,60153,64817,189456,43787,0
92776,198691,158230,131613,163558,0
74258,76255,143284,185658,42708,0
92576,135838,156260,3950,183472,0
5447,199835,67355,93611,189228,0
88691,3570,104018,46478,162389,0
185982,128672,168465,197491,97229,1
22396,10362,105230,24944,178831,0
114457,173638,87388,49794,57568,0
196666,74880,47313,139442,139473,1
102527,7239,146519,153685,170658,0
73235,47772,20415,84474,33035,0
1318,91787,163710,2944,78900,0
141577,172521,107528,63421,197911,0
92912,25123,187294,9610,101294,0
6022,138163,176176,188852,121744,0
84343,184586,26044,57787,63740,0
196980,15821,94971,51652,78703,1
74005,28004,74292,195942,165800,0
52194,114775,151727,24592,84914,0
156033,89961,112181,120515,141590,1
76168,19937,32570,157382,25665,0
112888,13238,69104,89247,175539,0
97195,142410,31549,21667,109606,0
127547,168722,192297,160757,126555,0
6540,42538,95748,190846,80604,0
177769,178068,116944,136373,14525,1
90074,34633,69232,48810,29830,0
173505,36157,162245,68741,109829,1
132250,75192,72658,161797,24509,0
81668,103034,125458,144258,92094,0
11233,158534,60515,44742,81119,0
53544,13423,128242,25892,71794,0
27145,77212,31929,12122,14181,0
43136,45046,74898,111996,10278,0
87352,50594,64837,181408,44194,0
31333,125290,82687,5976,28438,0
146572,42996,45016,97715,179962,0
71130,18659,91173,36125,189904,0
184649,110634,55279,122449,96114,1
93151,128077,3264,71963,63765,0
47401,195667,133149,62498,59358,0
127662,6956,147860,171396,127476,0
157741,70558,79602,92894,53815,1
163153,19703,183815,54101,61996,1
140592,172927,93112,143502,153783,0
164216,82865,113008,175303,184036,1
151100,3136,174664,110006,81437,1
84192,102278,96312,110440,174758,0
184473,67050,161555,48262,116508,1
56260,136009,50298,26281,102356,0
177090,94348,32043,97223,27519,1
161564,51951,115427,164847,39291,1
93878,121071,131502,130436,145482,0
54441,182692,151858,48614,26098,0
120105,59279,122177,41645,18289,0
178455,158820,194577,171306,128171,1
11052,34367,90391,84172,163405,0
128924,93143,11144,152166,135115,0
150599,22091,174485,145086,127211,1
113621,118307,112087,14338,189857,0
110151,49930,161926,117684,112504,0
69605,25284,64994,23952,168608,0
156366,199773,27151,30764,115251,1
25010,218,32152,57234,67207,0
115359,192623,15698,132362,81230,0
104493,104946,156217,73896,197037,0
91996,64286,103852,121008,194662,0
194871,10309,45009,91541,40458,1
127140,155449,29116,64448,13860,0
83930,196881,199180,94250,23844,0
140828,45214,421,77718,120293,1
28380,85396,57690,18210,30581,0
172083,36409,116661,72013,129589,1
64854,126407,8701,48842,81452,0
24256,82902,22268,52045,29150,0
134705,63990,173444,107034,141138,0
25462,98128,112171,153415,55379,0
104879,49157,84706,44259,104974,0
182379,78217,69750,189487,180062,1
68300,8714,58334,127176,62376,0
16458,3853,155953,150427,126045,0
100988,88195,10594,40100,7120,0
74509,181682,130808,54171,53949,0
29878,169796,185537,189223,136788,0
123659,12878,37652,138475,68514,0
21726,105236,147341,101401,162679,0
171279,49781,88580,90180,179054,1
11451,193943,62338,28566,131832,0
142488,14382,188457,151260,146174,0
152367,69401,167035,132850,179333,1
60482,66197,23408,90565,31957,0
8680,198486,90700,113141,34345,0
30755,9201,3148,88150,69020,0
25496,90794,980,83714,148577,0
8938,127910,60748,138941,157302,0
187398,65930,74720,189356,81097,1
124265,72026,96491,117396,114340,0
54948,112122,192015,21044,125027,0
11129,78930,152130,52864,152445,0
33597,102013,33835,58820,94462,0
132429,194831,14062,38237,5577,0
135409,140377,119870,124310,177626,0
185206,162261,188307,13353,101394,1
113388,153630,135414,86339,95928,0
17748,19214,14264,161127,187285,0
94414,94383,178641,195372,71464,0
199965,122491,18878,196030,2156,1
40581,4985,139724,192056,149713,0
165674,170978,139926,169681,74750,1
155129,87891,67976,88689,63487,1
125022,174218,33139,155514,48295,0
42512,130565,2054,71769,38511,0
123940,143664,156110,18021,57329,0
116768,162871,48873,46741,52451,0
182615,46771,38376,170156,178091,1
118970,102500,179571,138150,167207,0
119145,15333,29996,142681,3264,0
91194,125715,7651,36887,186351,0
57596,26041,1127,21260,73325,0
14401,151058,108872,121220,32668,0
113109,137477,39825,156330,75746,0
92852,158500,105302,77946,98110,0
94966,92633,139055,188474,95779,0
69920,106407,132524,159725,15103,0
5006,27684,66759,140138,38025,0
144405,41899,12341,119339,107591,0
11412,94,150514,137630,110890,0
26792,179321,189513,107784,179553,0
111351,15312,5049,111042,157446,0
127674,187998,121522,193694,89234,0
112347,181800,162386,68980,106049,0
158081,169880,189667,190541,184755,1
191083,178489,57308,23870,179908,1
135952,42626,164180,18771,198781,0
161926,84302,139575,119160,62531,1
122707,20077,79378,143712,79088,0
85725,80683,66444,194687,127070,0
180975,16527,199858,121249,14689,1
195506,160295,101653,43637,20354,1
13836,12752,98692,47369,90051,0
191767,94625,86612,126747,184413,1
188809,65702,135896,144930,109258,1
155615,37556,153464,163858,155644,1
133655,146199,78608,54273,128342,0
126706,115679,142165,128587,177281,0
134123,106833,95030,154311,53048,0
43373,55698,86039,195418,151236,0
83043,171656,46607,99611,102643,0
101599,193759,58043,155513,66696,0
112310,180912,11655,151895,199082,0
109490,98659,11048,198827,122757,0
31333,81273,114485,62671,31729,0
193924,128366,162897,32181,93052,1
109390,68561,193131,127278,53639,0
105979,28345,188514,24276,189420,0
67046,198713,37626,132646,9954,0
57175,30947,159621,125654,54867,0
134203,83073,152181,128724,154340,0
30361,56754,17864,65649,44887,0
62824,179717,33109,175422,14610,0
65197,29527,6214,131619,59491,0
37462,26836,35680,74264,22319,0
52569,90041,16509,144143,21628,0
86480,88646,8955,104773,168606,0
132404,168215,141689,178177,60309,0
195486,150597,98198,61169,107058,1
190454,58826,99169,23880,26526,1
160080,6317,84286,106859,159416,1
50044,142025,150726,11012,176056,0
80641,113518,195037,43171,122091,0
18457,17610,150730,100095,119736,0
109804,199173,149744,58588,166140,0
162125,63825,188189,23003,136323,1
62743,164912,98520,87601,57215,0
176224,131698,26639,194736,106236,1
108088,43240,117361,65800,56141,0
151758,62521,40055,94431,147470,1
155655,107345,69097,113333,78142,1
186941,72111,67620,126978,39086,1
35570,77035,47388,177824,107615,0
35227,87313,24316,165512,50895,0
498,84553,116276,160057,131094,0
10371,56495,126101,137740,93332,0
162706,189733,187845,75040,56071,1
48792,13661,89744,120742,129237,0
35991,152002,61873,12797,163554,0
52982,47189,22267,17891,140551,0
134510,64892,185573,46056,150969,0
59735,126792,187983,82240,78895,0
190306,5275,9384,27441,133786,1
73981,8291,139326,182228,168921,0
4384,75152,144828,117067,97515,0
109522,58260,87870,188624,86320,0
188977,41633,28601,181926,52481,1
164305,81312,199052,13415,46363,1
180213,82615,119597,31989,111254,1
194004,1581,53571,7929,118968,1
188334,170906,121088,63188,23763,1
186168,99381,17483,67332,5888,1
8062,166804,103607,79495,75850,0
19892,186392,63163,161040,135509,0
125699,12465,125408,106566,133890,0
14349,163414,1191,93783,110423,0
152573,33648,166653,185597,68556,1
96150,192882,24245,84046,67613,0
28661,62394,128011,175125,164455,0
45257,75767,116770,48339,65514,0
190791,140756,180629,174918,40624,1
109038,52507,51339,21722,167486,0
175817,87594,78970,193331,58724,1
30614,70412,159981,151174,65414,0
82736,66681,180624,93857,72144,0
165464,125367,84023,89681,198186,1
113406,16248,27826,2574,137163,0
10656,18633,121349,119913,165179,0
154759,182320,23806,119984,150675,1
124022,607,101747,158039,165080,0
74950,137475,138390,88423,97521,0
29370,114812,89904,102798,90535,0
121032,152319,95111,69529,141950,0
180365,124905,69047,193371,150097,1
158700,33771,116453,192256,45952,1
82346,145121,105187,138239,127977,0
162708,81143,115651,186965,87495,1
115961,69275,198245,175242,126886,0
130723,55618,149189,7337,173235,0
77173,10196,22857,8576,139503,0
88034,177767,44232,102017,170516,0
137653,139922,93848,84972,185023,0
121684,56515,67513,573,24931,0
16279,117577,39807,172165,42209,0
41384,131075,165420,174490,177149,0
138318,21782,14901,169012,183640,0
85187,176401,109589,11162,171644,0
122888,152644,183445,121775,83117,0
42216,100391,112771,164327,140247,0
35587,184232,12554,55920,111485,0
131697,68896,26829,4536,70817,0
162584,117148,82392,51244,107341,1
147160,61234,86535,194021,87010,0
43895,159529,3471,13723,30370,0
2315,13604,102892,155088,193359,0
15778,188218,169470,7462,199574,0
194299,4569,132088,1806,150596,1
135682,94421,130955,122149,173903,0
140757,169776,2244,124458,7495,0
98234,106089,12662,198210,153011,0
131307,23166,42874,161749,103620,0
32101,14008,50213,91502,67990,0
171700,197633,128083,1524,49192,1
114310,105220,194937,97769,65160,0
182706,76285,192604,120997,48620,1
7569,29820,163681,109268,158982,0
129825,11937,187801,170084,106292,0
166786,38421,142209,163622,191446,1
73982,77496,125908,122698,156354,0
12002,15354,10357,101176,125782,0
53055,23508,166213,120130,12355,0
76882,7885,101342,60489,124134,0
18290,115180,68170,122794,129406,0
174422,158776,155636,68695,143815,1
35773,60883,187875,81377,72468,0
186003,37965,67082,90212,2831,1
88917,92726,172564,88539,16574,0
181336,193791,53231,105588,103085,1
72170,164709,101779,85183,133639,0
100886,130584,149519,67939,72154,0
194074,160668,18758,144062,37816,1
104978,160475,55746,2985,92968,0
161240,56845,126471,13515,57371,1
33107,63467,185658,126157,88676,0
109613,7338,144881,197344,167667,0
33640,22253,22106,189643,145987,0
144859,64652,172784,4524,173953,0
42063,27745,106386,71939,27179,0
3973,163077,178210,124956,50693,0
77290,873,160600,155174,129013,0
112687,81108,63274,196647,162848,0
64464,125016,7799,121014,458,0
130834,49538,140328,167501,192551,0
126373,174983,172941,97293,120349,0
162731,125829,64656,29775,112859,1
122218,58372,98643,24947,114816,0
182559,46681,138639,157335,97592,1
60888,111055,80476,172866,180842,0
25272,34063,64817,192364,169570,0
36448,129281,145552,130154,106968,0
85416,126785,141867,108961,157313,0
83290,54211,72195,58044,199857,0
73739,102405,59431,28664,18927,0
36488,129100,62377,19791,30887,0
121489,75668,14609,53821,155769,0
156669,124534,13575,6987,140415,1
12861,65801,52732,56314,160101,0
122235,30767,47675,152008,19214,0
38928,46230,60279,79701,112550,0
114430,17047,21692,122852,75816,0
22715,84969,83436,109792,139220,0
79270,151332,129323,107150,91603,0
192473,79875,12736,5441,197338,1
164873,172695,63996,156373,198645,1
93272,8512,32829,91328,60339,0
176291,183065,174904,37893,77873,1
920,112152,85429,80955,19507,0
43566,149352,5167,49223,157051,0
54531,116515,16120,44392,172752,0
9322,88293,161908,36458,11346,0
173833,120875,20583,81575,160410,1
120178,184678,101321,109381,66607,0
50756,197211,129323,97611,53238,0
193192,95362,161289,75419,73417,1
161869,148706,105077,13522,35777,1
112526,90686,13256,188943,137684,0
70757,16772,77384,170902,196385,0
27510,146084,31967,67670,14175,0
160609,175668,166495,102531,56236,1
184682,179159,79909,30445,97521,1
161661,58101,92809,183221,81318,1
106747,26484,6179,59538,116490,0
78501,64884,174314,85843,73008,0
146331,128640,22114,116127,50356,0
99604,11379,27724,17504,159614,0
29322,167895,103823,149429,5588,0
179305,155419,129977,188613,143562,1
74329,19736,195417,98346,36666,0
116541,199288,177390,134365,73848,0
50890,44231,148974,71608,23757,0
92549,165514,43215,35828,194956,0
138866,34630,197800,172211,168219,0
43032,106147,146700,16112,90165,0
72435,133565,396,121185,129230,0
196838,188877,44134,40079,51128,1
193654,140189,121161,172709,181494,1
142736,86797,65290,46628,66713,0
164105,51351,32379,147398,124726,1
627,59698,166575,33135,3407,0
63938,80411,69458,142980,131106,0
56082,172118,150424,107334,102224,0
50602,42593,109305,178199,7654,0
185158,54651,166553,154241,47587,1
90194,156565,194616,93533,88821,0
68870,174315,21965,130112,42719,0
75817,11623,3651,58891,185948,0
44183,150343,54547,189663,120650,0
39879,68032,74465,18737,42681,0
187640,149622,109191,157611,193309,1
161663,74991,96109,96047,86882,1
66332,113770,178281,176331,69951,0
79142,141152,62518,50181,49455,0
61418,2335,9885,154234,22746,0
175155,107442,96357,6889,38495,1
40944,37697,193751,178990,63095,0
52594,83609,16871,171693,52343,0
171736,10267,18542,24866,57400,1
122299,67961,165763,86508,20882,0
90766,103711,85211,30317,142563,0
160843,149597,93628,71521,101890,1
156583,111638,35697,43283,158535,1
142244,110108,160125,182380,187563,0
147946,12399,38010,167263,39813,0
9419,131530,1389,121813,88717,0
17494,171111,142379,35110,35451,0
99607,92604,106881,80783,170360,0
53066,97285,23383,82922,19820,0
82830,87673,193860,101020,15154,0
43897,116410,153295,85616,48621,0
4691,98879,114265,148757,34363,0
176609,153501,192389,184195,192762,1
105361,1467,114204,127208,141493,0
184319,193884,178196,131247,8729,1
112707,134051,8514,28074,128851,0
101774,120367,154062,134430,136816,0
61034,168419,46946,183434,182803,0
162130,7791,129816,26639,101802,1
106068,57611,95993,165964,126848,0
131120,152091,31415,125081,149397,0
164054,73442,163134,115829,75981,1
24777,34755,80296,187367,13407,0
25780,153624,149933,1571,43899,0
18653,78655,104737,13485,66517,0
196945,153100,54006,108268,13784,1
87815,177636,56841,51782,11006,0
159485,55077,28221,115691,155817,1
158819,26173,48025,146192,50090,1
61439,100946,100467,65719,179676,0
5152,40025,194772,186564,91267,0
166767,180529,10237,57725,43977,1
163659,77796,144575,110047,152952,1
47986,123095,25378,161637,54487,0
110049,93032,73095,32914,171295,0
54231,3397,121140,12621,110870,0
196249,113577,69160,193752,53121,1
36518,36827,70063,106770,151110,0
177128,141142,535,3918,166415,1
11995,181426,33590,37639,123424,0
4032,187353,32165,187252,24024,0
114352,155478,173321,110282,33789,0
99825,72792,171920,14340,21363,0
9326,79098,39839,102131,175466,0
50840,13087,18930,41007,30662,0
154435,168892,176656,53430,98327,1
48477,100467,5678,121729,17207,0
181661,106320,32970,168264,43547,1
91397,3504,123719,189164,149293,0
38512,71964,130157,6227,116167,0
97448,27576,160992,95986,27114,0
126230,60585,167136,42205,175876,0
94572,29816,44780,59576,61912,0
169031,160027,188500,95563,179277,1
180437,192767,70972,197922,90668,1
125860,164412,4114,117631,85411,0
83557,119439,113971,11635,189192,0
132120,24812,47007,175303,178760,0
94555,88851,195731,77048,112877,0
8364,187651,40849,155149,177677,0
121718,37814,56563,88770,75414,0
7567,46209,4300,135141,149519,0
132171,104063,191805,133900,7073,0
49532,109717,107995,86670,15198,0
197812,132279,48391,65100,144667,1
141026,77301,147432,141814,85267,0
48263,34484,180334,88011,35451,0
179967,30774,23265,115002,135795,1
64162,69517,7574,91431,164945,0
99005,104281,79023,11545,95183,0
108949,7455,17735,192704,8909,0
162796,149111,11044,103333,120554,1
160152,52421,164684,93435,96930,1
54948,180978,101453,192158,192002,0
103798,45863,102918,64810,68607,0
178263,63968,142339,16995,132621,1
3439,49036,132451,134409,96486,0
26142,7959,176241,172680,5585,0
196905,174044,68525,118594,123480,1
47453,115178,14416,136258,146375,0
92986,77814,2233,156724,157953,0
98018,123248,176673,102824,28649,0
152826,67285,42687,38778,7297,1
110393,85254,96271,21752,76239,0
36014,30727,114540,27286,86263,0
68529,65342,7577,62778,22081,0
69895,12892,3501,130124,88044,0
131964,54963,174528,107374,32681,0
109485,144549,116260,47523,103931,0
18988,161978,29004,18401,95714,0
85810,74961,24725,139163,131763,0
123240,84827,105702,84562,159107,0
74460,116391,146733,171109,77863,0
14601,197666,117768,21593,114749,0
95480,126215,198907,10821,16411,0
26796,53987,144783,104388,155133,0
78443,41494,48959,9654,103486,0
43859,39259,966,181705,99541,0
119791,51828,91986,3520,18374,0
76990,66747,21833,133832,42105,0
173590,18776,142733,177781,22331,1
27013,119355,136529,8866,198899,0
144710,14817,180386,67232,159915,0
126046,141865,25879,16046,182932,0
145533,187661,64282,112366,52631,0
56481,16360,80981,72725,55231,0
166130,125994,134458,191839,112453,1
7377,16327,113426,79347,70853,0
197978,15751,93126,172527,29110,1
167090,146403,87534,16042,153604,1
177443,5491,61263,121654,155707,1
120437,159622,138947,103531,65828,0
127015,134346,133506,68130,31413,0
153146,184944,35264,186256,184602,1
125985,143944,32488,194419,56304,0
102429,80216,19469,22377,97122,0
76537,104569,116765,167831,69924,0
91491,137972,35887,170648,30080,0
72673,160567,105445,183011,41520,0
7841,37871,188984,167318,58420,0
61301,171530,56943,172574,58331,0
180289,193068,122530,73519,153799,1
158601,5734,13276,163762,172806,1
71405,185218,117437,143416,153685,0
195728,94549,87707,121257,189413,1
33048,29277,8112,83776,2534,0
58291,90104,54091,192181,143996,0
144855,44906,119886,162308,143490,0
18353,38559,195366,46611,66683,0
81226,94287,121960,149878,80879,0
113197,114232,194547,181715,190929,0
183456,150983,92130,147409,46614,1
78796,154559,31726,8567,20591,0
197127,66408,196687,149349,194768,1
147220,17835,142171,168439,14267,0
185821,15649,118558,44049,128670,1
144229,31160,100606,173991,16623,0
36076,11557,193890,53809,120864,0
62893,109318,109227,138199,42443,0
102471,43868,64175,178639,42972,0
25062,76568,123945,173,155545,0
684,65995,195418,71456,193507,0
87430,189020,70860,117179,18082,0
44261,124437,100081,124042,194585,0
120641,41742,163671,45954,54473,0
59940,146600,175171,10575,173317,0
674,5602,159245,32270,6581,0
28549,12633,69775,27029,91556,0
181457,130292,74824,65204,46781,1
98269,131889,52033,66402,16588,0
4169,199287,65033,43295,138796,0
148340,133841,59236,195530,139349,0
196463,99874,72769,7458,151647,1
83942,38364,54323,163032,49226,0
38799,58405,94507,129869,56496,0
134801,91808,194559,60552,37547,0
155980,54512,14359,31299,131424,1
99949,134614,148637,127906,13588,0
13651,164264,13840,158436,36954,0
127625,83189,108966,47779,180455,0
197639,155347,193871,190188,11186,1
615,2248,112743,25596,32188,0
57523,46875,198594,163029,180708,0
10872,41468,173997,124201,191577,0
181671,124893,187674,78545,157767,1
86208,105715,72397,12549,93722,0
77743,41791,2279,96597,134824,0
103176,27625,35217,58084,97374,0
790,193707,123493,96059,119855,0
141715,125855,62672,18167,56596,0
161237,104035,107216,137359,17952,1
193242,117901,99645,187906,196224,1
48068,169890,140212,107468,21349,0
118678,113693,61507,183187,131673,0
73349,150013,23294,129809,91139,0
12898,137724,60542,90920,172667,0
15654,37678,141238,197094,171464,0
116707,170364,44811,4245,21316,0
40612,156899,99476,135414,136693,0
176217,145653,42492,7302,91167,1
48226,169164,110882,38942,123169,0
47994,126893,147972,91440,129779,0
16482,78621,120201,54476,49205,0
62240,108486,44232,110872,6821,0
182059,7097,66551,39426,82213,1
81710,195691,59441,126593,70554,0
90236,131114,148659,158552,7004,0
183301,159565,159226,91762,25711,1
89688,85424,176728,49575,107867,0
11082,25655,48687,115136,26343,0
3274,35311,79878,24126,7798,0
163225,66027,188999,100708,89475,1
169652,30001,20506,163044,108900,1
125272,139172,148310,127859,145945,0
175212,30445,44892,41273,199674,1
38713,4442,113203,184304,101337,0
136480,69853,10534,127656,30515,0
124647,45750,77912,62916,97058,0
19290,21496,72971,65583,148724,0
99283,88062,100819,159731,115582,0
57206,197845,189372,176381,196282,0
28370,33632,3653,71183,138833,0
35498,105119,161971,135914,111991,0
111872,8623,79969,27144,22983,0
13044,59983,7395,82218,156514,0
105193,188771,122727,35277,3596,0
105742,51348,124094,153766,126075,0
142562,31268,25184,62023,63367,0
21127,22980,108489,40847,42410,0
133781,58406,181050,32592,176907,0
115742,8887,164611,187583,48651,0
92613,179091,61996,185784,88939,0
191839,58553,142900,37337,190090,1
66677,143962,106169,23671,78878,0
88137,19902,12358,15135,46969,0
42046,55181,8650,75942,71244,0
106195,37738,112470,165141,91672,0
83240,163052,148191,41140,73078,0
19659,78054,93907,172845,134875,0
101957,171730,166191,112939,152100,0
55265,81377,178396,120235,35839,0
136832,187937,170758,30092,52601,0
79809,50449,40198,17,85116,0
183328,47703,1422,23342,3320,1
16025,21384,14539,133320,67585,0
73808,110498,55426,145799,119346,0
243,94127,175071,39720,108896,0
155850,189323,182094,45472,186941,1
140698,89231,39689,61475,141324,0
97692,6482,94073,13260,183489,0
114921,98719,197936,43289,132795,0
37382,47275,125700,116209,140891,0
49500,74982,94171,42379,62346,0
197110,169468,152364,154483,32664,1
171298,74514,147702,68105,40004,1
17010,151776,64215,110147,53607,0
4975,94024,65024,9653,21290,0
44409,8427,3892,34085,182344,0
59900,48676,50519,94683,4479,0
4934,85065,67035,109492,104884,0
103392,127050,164356,68480,34878,0
124756,141680,178393,165820,39172,0
57684,72191,69083,129486,3850,0
184728,69725,53032,99305,4715,1
176818,185325,47837,128961,154440,1
7481,49929,154163,150338,9465,0
65379,1840,140251,151653,76935,0
111186,96090,104222,30959,147895,0
184710,191935,895,160497,46601,1
141330,162677,30125,84790,136068,0
139525,162167,145542,83509,67838,0
3585,119726,186849,188831,189588,0
152793,122142,56352,12812,75489,1
75588,28088,181982,98826,12013,0
172206,199463,96004,40919,116884,1
190087,61770,71031,103125,175952,1
180948,157897,146622,76303,22363,1
27118,132023,153167,113644,119852,0
72375,62246,121257,133113,128953,0
129167,14455,15530,135603,133699,0
41803,77130,104750,101744,181338,0
184075,19151,81107,7121,50797,1
29080,155665,174903,29018,151016,0
85092,31403,61153,101257,90030,0
120268,38232,69704,98479,141329,0
77145,136184,168630,25330,134891,0
134861,41016,23563,69071,25507,0
192413,178029,56230,100214,178015,1
30415,123979,28019,113455,99530,0
95234,118493,84150,35187,177778,0
106200,139636,160007,38480,168223,0
169342,398,184569,49615,12133,1
92205,13387,76540,12963,150559,0
152586,26764,155399,7935,79383,1
111043,175524,62062,60616,87646,0
82800,171055,196422,153204,105346,0
86825,91499,149531,163337,36151,0
2345,139181,118560,49590,9392,0
87066,162656,73299,33793,87139,0
176710,173032,177779,33599,14748,1
199046,183216,30559,24445,132611,1
195746,9162,70367,46637,136703,1
96151,166722,103506,36226,42008,0
40903,198844,80919,113322,59585,0
164802,51545,171572,135287,50891,1
73654,47192,57149,125158,94672,0
89227,93736,30004,97702,74877,0
93038,89864,89568,113097,27597,0
73066,77847,47739,10750,125684,0
120254,186438,135144,96090,101897,0
45695,184258,177797,47221,182266,0
25686,113832,117978,148646,102919,0
90485,49357,183132,73137,38343,0
132985,128847,48184,6223,111794,0
31635,15114,77935,155563,94686,0
47271,16507,114479,115265,15901,0
190381,2927,44991,43876,28594,1
148115,172055,110353,69471,101951,0
80560,135817,27924,167646,34289,0
160740,110008,29029,68730,95786,1
9927,134347,108627,134406,46943,0
164362,153461,115040,77069,64935,1
8971,101064,38634,147717,119036,0
60300,93213,20763,575,164135,0
82741,95252,157255,102077,9679,0
97263,1839,98180,41824,113061,0
151690,174853,183578,65024,171074,1
58337,135914,68248,179165,122882,0
167206,108169,164361,156968,172949,1
83112,158413,168707,115423,197319,0
62358,8495,88151,115380,73410,0
178026,95120,3360,123906,143068,1
7733,29378,55877,54913,155107,0
143422,40040,98094,7423,85882,0
110885,32474,164509,10058,39831,0
89280,83544,190268,13331,125117,0
179182,93877,3041,100881,4282,1
130697,133654,75207,187285,178767,0
117262,155774,53629,59638,94517,0
110267,106069,195177,85170,159512,0
139070,172647,72507,160493,13175,0
30158,164258,186095,16097,15035,0
154018,72121,19326,181678,112890,1
81786,154586,55248,78406,178001,0
31623,53453,109636,74595,14821,0
181857,81579,54376,86506,156432,1
64674,162737,60238,142033,42087,0
30192,87759,37050,37950,199303,0
58774,88903,113924,30602,176003,0
128623,194680,104298,44284,5459,0
153702,184866,88984,155470,144827,1
152729,97517,169584,149047,96353,1
158337,50746,156208,7406,193300,1
107686,16985,44941,80090,98490,0
195736,53883,40784,165232,191427,1
50415,101897,76978,24613,161935,0
136063,181043,81889,75620,194656,0
93610,68376,20722,137688,136919,0
184810,86071,74223,169302,190684,1
191691,105787,128061,197174,147152,1
189205,102753,71375,80573,31334,1
132390,88462,24523,47008,185374,0
95560,113749,44698,159396,50779,0
118392,23919,5763,90267,28501,0
192071,12775,41382,24470,668,1
71244,176699,150875,177147,178269,0
191873,86040,16403,143942,94459,1
83413,95736,138935,169394,91608,0
119155,39948,73683,54019,111318,0
83115,107089,87201,148143,19791,0
124594,43720,74735,77972,184702,0
162412,46306,54877,860,1091,1
87946,132787,186562,55331,115299,0
109312,154070,49570,138600,70759,0
111235,76327,163976,4816,49723,0
12657,144226,173977,16230,39177,0
177657,173961,186881,85753,94003,1
117206,163878,164159,183355,163832,0
195096,15439,92987,79322,64048,1
165593,104373,56298,25224,183892,1
75836,102136,25943,106939,188820,0
132206,100395,190866,127937,114217,0
98735,1647,158079,117530,81260,0
142761,94781,70092,43740,27381,0
173907,85522,155663,100384,44859,1
75336,149723,150958,142815,192076,0
113267,190727,37350,115114,7513,0
29897,152384,113577,89720,68600,0
82147,9355,177056,3054,85448,0
50318,180085,34803,73973,190305,0
175869,1108,80894,13555,120840,1
95770,194637,24937,67488,139505,0
93398,20260,158091,17774,131693,0
55178,159210,110934,35804,27401,0
177728,123551,60319,35841,19511,1
51441,10232,58726,131824,99584,0
14804,25724,183534,34816,31170,0
110482,8780,77694,38264,29142,0
167965,66514,76364,3589,82185,1
102860,170589,80974,140940,83977,0
137935,14547,33812,20236,89004,0
134072,36866,95708,40047,196346,0
54272,111814,159797,15606,79553,0
198350,164024,199436,99422,178298,1
22295,86157,141684,199477,15282,0
177477,138150,145413,82590,70119,1
131711,156954,151080,76964,86171,0
77138,175237,100510,36971,197706,0
178756,175490,32714,82119,87020,1
87958,173225,184527,109740,44741,0
40273,44906,32742,47457,187680,0
185147,199458,142001,77060,3787,1
161500,99184,49953,93078,8853,1
163257,99363,33042,27534,178835,1
156722,94306,146685,100138,54051,1
73230,170037,36334,198836,18276,0
29886,7330,185691,150269,10802,0
154058,14302,120354,110119,192874,1
81963,105585,58735,195468,61234,0
13731,74176,178529,69289,132175,0
112488,193657,159662,107179,33161,0
90130,89823,113904,106595,36680,0
139480,151906,109859,144828,99009,0
62775,3052,98920,186676,174761,0
59014,107055,60948,77022,87417,0
80146,61621,95805,76093,109003,0
106349,43280,187057,96288,19379,0
9703,13208,69315,160983,120694,0
79547,48484,151940,99502,176753,0
65916,101753,112322,111146,189347,0
13213,33289,184067,68856,102925,0
187325,68425,124764,58440,85838,1
15833,9802,46440,80196,74020,0
195850,22147,66896,23092,48286,1
168192,105388,16770,43557,100855,1
85685,96474,193171,141928,140261,0
162558,95436,49934,194311,97751,1
186272,7350,107581,194866,111653,1
100733,55264,159078,22971,83640,0
45861,6443,108175,193276,187476,0
72583,192918,62058,34747,59670,0
129686,133627,159898,17765,51408,0
162651,193776,70232,21420,110129,1
15592,161770,43538,107873,106967,0
164989,81351,31925,182754,181661,1
159008,55340,119723,134854,4621,1
160430,2323,123060,193670,62564,1
116003,40848,53384,73346,135554,0
114337,102387,111940,88571,153250,0
165542,112254,66143,162216,69611,1
46384,14073,65408,193100,64765,0
116396,161044,151356,66413,51379,0
102306,91963,172184,134816,65062,0
75956,109666,187372,166401,190172,0
105598,22655,185910,1312,17280,0
104407,61305,23440,127195,9810,0
60097,178551,156326,46473,53810,0
133607,35461,60691,173352,157887,0
180853,9712,120077,133172,5103,1
81671,180286,108839,65938,121242,0
145470,127897,158024,56436,31706,0
117775,181521,63484,132688,95458,0
92346,99544,146808,96675,192792,0
120144,100594,53465,119954,147415,0
99027,103669,149600,83076,51995,0
25394,87744,37232,51991,60676,0
96277,174674,109431,182256,167777,0
136646,159041,193980,89426,50630,0
160468,117528,31539,94685,23978,1
68858,160511,140679,88942,153920,0
38873,142653,5651,151023,114285,0
156670,83152,183666,27342,117609,1
31725,144052,11990,99788,145644,0
140132,174473,175735,155775,74994,0
113604,51895,88402,90975,101348,0
134699,112190,184601,72277,54033,0
19673,138345,117322,38690,5824,0
139558,151115,109272,154113,52834,0
170207,43884,97702,77801,70981,1
99944,182549,86299,142418,62032,0
186920,131550,508,39213,196515,1
48597,166033,21390,182066,128397,0
117458,84512,198912,155931,40349,0
91216,131305,190022,34470,136539,0
178996,119630,77632,75206,177755,1
23908,53553,119382,16096,168110,0
15233,156301,188682,108578,29868,0
68200,195389,13146,160528,74259,0
65387,66079,24365,15211,39327,0
15849,153415,27833,189103,197309,0
151827,112388,94881,7229,121543,1
169639,11131,85140,60064,163624,1
115545,93658,48895,27010,52924,0
74120,8454,102785,141286,31939,0
110582,147232,181806,32633,75339,0
77806,103499,82831,80780,150765,0
87147,77023,21691,178776,12491,0
161903,149639,91608,171543,169274,1
29946,57520,11244,181920,53573,0
20429,158700,119821,164333,86210,0
32488,101913,168566,40965,1845,0
94595,119033,145105,102657,38703,0
104051,162594,18816,85378,102237,0
180302,83945,105905,180249,136333,1
199399,169397,180733,55390,97564,1
111075,40346,109370,49395,189523,0
194984,168118,126829,112803,68582,1
151576,162598,195892,4137,32422,1
33084,199174,102343,78761,34086,0
130697,146943,112552,15357,138501,0
183193,68713,123154,131860,92872,1
12788,68929,147810,29,190640,0
188288,40227,88257,50508,192145,1
70010,187138,160488,158534,139501,0
98776,190013,36501,109293,80995,0
92325,188672,88730,13617,191080,0
21346,142881,175036,140746,163450,0
97019,129023,15716,124046,28142,0
57910,176597,133859,73760,197725,0
60077,98046,32465,199338,22021,0
141207,134765,121815,148372,45219,0
146484,11575,79001,121500,58813,0
34225,22787,81583,191845,95739,0
22281,12390,4227,42977,91812,0
78171,172407,36274,114610,12616,0
4666,74216,111500,81035,4957,0
142257,120552,155261,133666,191098,0
117303,104033,119140,138788,123287,0
117461,148484,29647,27395,29036,0
80463,131675,107208,27956,19369,0
10428,72713,143956,8789,99426,0
181591,55362,146957,153910,87230,1
108332,24407,84458,89560,143944,0
45962,48663,78027,140434,80352,0
29094,130304,198848,10589,104386,0
133953,88147,102324,116169,105452,0
54018,168941,9037,136178,25369,0
162344,32879,93123,35811,81767,1
19559,8141,154560,103501,131141,0
191574,183885,105545,135462,14632,1
39034,44805,143320,47009,85402,0
13464,38052,101612,139076,114794,0
7246,116515,113631,63590,40190,0
171261,181028,132380,133877,189445,1
20788,76459,197353,119471,91548,0
41998,62139,74956,143890,157548,0
170975,1968,164601,95660,106444,1
118289,67233,84205,17059,84241,0
119773,96883,74463,40615,181333,0
162855,12656,40801,158669,81778,1
19504,112922,97453,130294,155363,0
104899,164198,130046,81918,107763,0
26357,125879,189776,47148,163084,0
31718,91273,140280,60555,36147,0
108353,187653,123835,88583,59539,0
20441,26349,31749,17611,39968,0
40177,58154,81277,162310,3143,0
64575,179795,15213,105684,159688,0
59061,78284,70786,152134,57663,0
176525,86474,173526,12313,199434,1
135101,97299,138881,196187,77622,0
58259,60295,33467,98495,9373,0
177519,118536,145210,129644,132243,1
47586,106986,72480,198743,160610,0
161485,90095,46585,149279,61934,1
144448,137251,91312,80118,180056,0
151008,198415,132998,45461,145365,1
199876,83240,161977,72480,34498,1
192811,135652,76455,57257,185044,1
51235,124082,4597,73489,70593,0
71260,104125,88815,78224,132250,0
152083,167401,121177,191599,63406,1
101073,139715,8205,138957,36220,0
19205,181987,9161,140532,190992,0
102034,140020,169291,50713,14878,0
174052,47494,19049,39326,118725,1
139189,151820,196084,176412,62779,0
62345,162791,58250,28998,61630,0
193114,89816,190568,54300,103162,1
122562,83508,120031,158121,184625,0
119382,175101,70607,27452,122419,0
10760,118781,106642,147273,142688,0
104427,186609,4823,39560,59440,0
199822,63623,28672,152186,159458,1
77305,178278,155401,11110,74949,0
151115,100814,173510,146227,167933,1
14037,51186,66865,97220,66170,0
168634,76345,89760,156466,50962,1
182589,76041,160162,54522,31211,1
77508,120266,25834,120790,188665,0
167249,193131,160180,109886,58106,1
180539,148992,86048,188259,25431,1
120027,116886,3401,74737,138047,0
35271,38019,131090,120801,29207,0
131269,148822,84545,179054,164298,0
155073,36233,2751,81417,12922,1
43371,65457,80387,14396,92688,0
131252,161781,159093,91152,184131,0
141413,199769,133164,75424,47271,0
184801,36509,139986,30814,188510,1
71147,111797,177143,15162,65351,0
118476,81583,148803,137419,193254,0
64276,125421,44418,167646,194134,0
150355,51015,141818,184647,120431,1
127984,43234,77963,110861,39102,0
23010,67652,194278,169481,184428,0
9989,42151,164195,20173,168457,0
65703,189259,145249,151964,151365,0
126653,105171,194721,170423,127621,0
153433,162876,54624,196860,75155,1
33252,46959,30375,182355,54599,0
81342,92340,61873,94707,93841,0
6668,6549,14950,52187,17699,0
40081,12182,165741,187281,199627,0
31798,153081,118724,42344,67823,0
181885,95411,171717,16403,4433,1
64146,24730,87462,143387,81280,0
17484,49426,34502,25545,81358,0
192883,173050,88505,2353,117338,1
63334,47581,148364,3260,24093,0
96806,65581,29871,75698,135912,0
10781,35583,101538,137278,51449,0
176426,15180,169601,69756,199542,1
102150,86808,16698,196954,83487,0
136427,143607,115045,26036,72862,0
170146,18137,10945,128257,120670,1
2727,183892,93614,107813,38715,0
111856,143173,128805,177865,49203,0
127376,47336,11411,197171,129861,0
120164,24187,75581,197236,100073,0
126987,131249,36436,172854,122439,0
134562,176329,137498,121390,86202,0
12219,174326,107935,71188,100140,0
6087,61433,45249,71186,36878,0
15651,149257,48606,23357,154268,0
175997,132327,66549,98007,166534,1
27580,23433,3244,196848,135471,0
160709,73099,90461,110167,109719,1
41966,188066,4914,52001,70125,0
132458,178499,27672,79828,43205,0
86591,163966,55929,175532,2665,0
69653,113747,53194,38593,105650,0
132050,92903,131531,184075,27315,0
30309,131188,101339,68799,41249,0
92760,105198,22884,17555,179060,0
108355,136458,75738,89071,174257,0
65884,157759,44551,31906,64119,0
148475,103391,58251,98423,18866,0
186565,91588,104501,62151,98435,1
67925,167576,69733,132947,181291,0
196168,160615,150848,102043,17927,1
12506,102921,31952,75008,81058,0
67025,182076,81222,139,115086,0
67580,176296,164342,174868,8377,0
145292,95455,63210,39248,85754,0
30323,18942,148577,45043,118401,0
165909,131677,162445,195563,39163,1
184990,50902,895,7189,36368,1
82776,41696,175145,5298,127976,0
115070,135889,125104,126994,64540,0
106514,30662,76069,170797,101010,0
84110,104914,18973,135955,196853,0
32146,102346,193693,99846,96621,0
77445,32204,43811,3476,139314,0
19325,98012,197719,122309,178255,0
7045,165321,110530,30574,21315,0
120815,175354,47748,72499,156576,0
60588,60518,93112,48941,122131,0
136819,28354,15030,131570,24679,0
8270,140756,139750,187228,36782,0
44019,125541,34182,158498,189206,0
174663,1242,189518,198571,23440,1
147123,142619,160690,86847,17646,0
62698,41822,116445,7273,110907,0
81199,112334,91338,196490,183549,0
134613,130308,40381,155026,46391,0
47196,43089,134709,50849,162104,0
41725,1552,49403,184211,169806,0
106836,128381,143811,93567,66184,0
77677,136570,99915,66228,111331,0
141367,6570,155086,57071,65746,0
109048,103344,34787,5918,198992,0
138405,133425,119847,35619,55528,0
20142,129164,113207,176079,127641,0
134739,49688,984,96094,28674,1
30850,168200,163329,46496,105515,0
40990,114430,170340,189726,101437,0
185189,151302,47614,92034,29511,1
160242,120893,119115,15066,100581,1
16128,145723,190084,84837,110090,0
57616,80805,128083,192939,125729,0
115273,57225,38656,11340,4104,0
33558,77687,165215,46202,72648,0
179721,90630,61381,65192,166778,1
109647,6724,69822,179980,182136,0
82884,16003,130993,78552,174602,0
168573,8489,51374,28266,94968,1
42536,95978,53528,34002,83839,0
11493,167939,34183,190269,190483,0
103782,87691,181881,158660,46610,0
56231,37835,184475,178800,77855,0
149022,23099,62081,89192,194966,0
159565,196082,188676,84792,107757,1
141671,96278,192746,64764,178888,0
60733,159552,19700,2844,50823,0
72655,59195,158465,86949,139088,0
167589,190926,99383,76632,142933,1
53209,91661,147239,103993,186408,0
148200,46640,89028,100623,84714,0
156250,136742,94362,35987,49101,1
136566,36811,146760,111070,172646,0
104665,68533,191331,6906,44081,0
27745,89594,95342,199135,195755,0
57338,58067,148716,86873,119408,0
67173,157918,113956,196203,188765,0
70270,32078,159087,151588,18837,0
44620,118921,148742,161497,31888,0
11150,197545,146430,82715,27814,0
192477,165444,188611,133916,130741,1
150912,152302,88006,146742,172847,1
63392,76053,59087,189294,81422,0
54683,3056,177636,90442,42709,0
128200,173232,34510,54222,180574,0
188238,199133,109635,48828,41471,1
46608,34551,129196,38325,49606,0
60298,15617,23257,6011,51368,0
8966,88587,49434,137242,4579,0
101541,24059,199517,16279,29734,0
72864,38682,109264,81210,130622,0
94143,112042,7840,28321,103116,0
104699,18971,165716,139991,73562,0
32504,165887,94325,160339,196140,0
149782,165274,71841,52376,6509,0
139432,73114,98975,40030,53147,0
64892,55991,198362,187872,40136,0
124531,197722,133774,81779,31654,0
3686,163716,142150,100294,152333,0
193685,3305,97182,174273,103622,1
19700,171684,46393,159592,189708,0
52827,74688,43218,15878,144749,0
187934,140794,16966,59420,91801,1
126644,100527,37373,105617,183245,0
54816,108335,18952,150433,70697,0
153706,113608,69376,62819,144987,1
141245,150973,170166,1948,34290,0
79837,127697,107850,21666,4000,0
154169,190836,151878,155146,123146,1
174124,162103,190932,101942,70913,1
170308,28906,58292,48986,92611,1
16170,181149,31952,191854,108163,0
140255,163331,180362,4077,148883,0
186194,154197,101666,48411,54280,1
84943,184235,53025,3113,80396,0
95117,186722,38312,24891,184800,0
34741,79591,66835,4824,20232,0
163970,8204,141063,119123,161116,1
29931,53137,145828,151179,140984,0
156,153185,86248,179100,168673,0
62693,82156,66933,77183,44361,0
140696,72588,165307,36606,128081,0
28340,34292,1042,147471,101338,0
103891,28070,31596,57058,162578,0
36906,97085,829,142572,87189,0
51899,178794,136006,99443,13754,0
122640,46537,8603,148267,97274,0
142898,48491,155424,41136,196654,0
147725,84293,43739,137699,130418,0
157181,96348,58804,191360,72392,1
10722,153267,45379,121985,90755,0
183654,62782,187028,37486,29105,1
91863,134100,140526,109666,69583,0
51176,178462,57245,110647,88977,0
169367,1689,148198,169442,30498,1
191981,20818,63985,117550,69812,1
58339,30383,179560,35907,64088,0
40530,155245,104714,123471,169467,0
14615,61665,82447,125796,62957,0
54405,13321,188914,136873,196953,0
156178,122464,187472,63494,148026,1
148056,53604,77643,13877,102256,0
58688,48043,59467,193129,164547,0
134282,32853,40694,172643,56493,0
31845,157874,144365,50221,195497,0
4846,59030,195417,181470,136195,0
48178,107810,121389,11545,18023,0
127483,55972,42523,185991,60641,0
20516,85113,57535,123083,47573,0
141375,81462,182559,825,164026,0
14786,63586,89908,124630,85786,0
9805,129358,184644,133372,67198,0
31068,87368,24777,65768,182988,0
91302,37690,156881,81694,27928,0
422,185150,12231,35649,102447,0
106136,14917,91950,110183,166785,0
144009,57472,78747,79558,77647,0
109150,67048,11079,14514,11800,0
62834,175776,184613,117810,111137,0
37128,5205,186962,25290,70653,0
103990,197688,81487,189926,73869,0
73472,75796,140419,179795,24487,0
74133,48693,78272,68426,5670,0
162598,26793,38822,176959,96154,1
82879,130155,35894,69899,33438,0
181592,51103,110421,58319,181351,1
183311,148119,107029,5702,178338,1
125675,141099,170269,38686,85733,0
133518,198912,83661,108223,157986,0
113063,120156,92512,78244,72065,0
45420,88376,198444,70118,152375,0
55749,116734,11569,55665,2130,0
60858,192013,58937,69839,101326,0
16459,176743,87853,16914,78424,0
34414,94194,33810,131043,1899,0
150395,49233,38303,146190,184399,1
195176,140918,158047,33890,21483,1
103185,22235,125630,95565,102447,0
25294,48494,191107,183492,177156,0
173501,99483,172826,150585,112304,1
58528,79609,27569,41131,117301,0
26179,17399,167943,86398,40638,0
31377,184634,1522,1745,120482,0
165389,14972,42017,138007,111159,1
98189,101285,188401,196071,147725,0
66667,170744,127789,21007,57301,0
41422,168119,176535,407,76136,0
125181,88289,79918,104177,59166,0
7253,181432,148448,74327,59105,0
103920,55501,21202,189605,31621,0
162696,174670,93014,105537,38639,1
178013,182303,138026,135789,107177,1
129952,51256,41466,108268,63263,0
122257,12634,134505,138515,4526,0
143646,129686,55142,172978,159578,0
108931,63699,28299,56800,190911,0
60190,135841,110754,1755,147861,0
65398,36502,77173,122069,181830,0
166531,81552,29611,194242,170037,1
106673,8777,127929,81564,105459,0
100062,149190,65282,122354,118626,0
87866,85056,142889,23122,43014,0
123003,121404,28495,199940,187667,0
24317,45122,168209,64051,196560,0
147872,89962,141253,44030,21990,0
160606,20986,167819,184760,37260,1
148707,136802,198420,123942,47472,0
180035,34376,90610,74687,157745,1
132485,193683,93453,198261,178253,0
91075,44645,190605,162638,69946,0
134633,62553,134056,134810,50025,0
103739,171685,23692,151220,184488,0
173752,99014,182507,28646,23905,1
183814,141787,159216,95957,136222,1
140146,83562,8439,130576,79909,0
5747,184678,184567,84930,168642,0
76255,120859,30093,72217,176162,0
17810,191827,163189,154355,116328,0
160622,62303,11984,23187,132731,1
37515,27739,15741,88297,102593,0
175145,154498,32863,176766,157374,1
116448,79759,21086,72994,25547,0
41516,1703,119307,168193,109714,0
16034,146643,13834,63631,177082,0
194767,142937,35031,9786,94801,1
66108,164666,57220,42894,114518,0
118304,68096,117645,45767,198908,0
138283,112662,105384,18837,175946,0
63824,163498,92035,141002,117507,0
64667,190442,154375,179293,68678,0
92256,187267,177249,7499,126153,0
116900,168755,190610,52493,99672,0
133543,4255,105462,192995,54667,0
95570,8700,90284,28787,22165,0
63151,196729,136800,15820,36938,0
192803,146267,176620,130200,17415,1
94834,27242,131851,81174,76282,0
162166,78957,46723,24083,156958,1
99615,11671,12783,26302,69394,0
40961,134611,64990,103153,130793,0
20524,74272,138885,122609,187875,0
13110,162957,27613,194078,4237,0
6044,37909,42260,194561,70979,0
15765,111816,43230,119768,59263,0
181046,33617,181439,117856,164992,1
87178,162499,110658,57007,135574,0
53519,34653,57409,23620,24828,0
41312,92273,106028,25573,192084,0
394,53740,112425,104354,199432,0
2641,162607,40347,182155,56068,0
188282,115387,32451,27599,117146,1
27744,165375,4924,189111,154242,0
191642,142288,92513,153165,117007,1
76191,44482,32153,63949,115144,0
13420,47866,165283,44110,33499,0
19864,127957,175895,101941,72038,0
120847,197945,4110,11512,189056,0
55291,28343,73850,35808,59332,0
73234,112992,102876,57613,63029,0
112340,182052,150414,28865,168121,0
163718,79513,135274,184832,43338,1
76717,4514,46329,55967,34481,0
115310,136259,17667,175288,76701,0
137491,156440,68030,91347,149139,0
121332,78233,37070,107310,105501,0
170734,43506,116683,97458,32549,1
24249,131387,106222,87899,150258,0
70220,116243,191806,173660,25248,0
187719,69864,152284,147984,148833,1
21539,49240,71221,185741,98072,0
110009,21228,40591,97731,61894,0
10136,97390,83261,134674,35380,0
142589,114622,68578,49753,14890,0
13676,134979,56744,362,175394,0
147284,127163,145066,174052,15829,0
103951,176436,27178,117187,3903,0
56975,179869,198031,171050,32465,0
25067,64324,4877,9636,149514,0
34677,184592,98129,182418,145620,0
3716,107018,3434,182180,8833,0
35841,30106,157907,78635,130834,0
164653,85928,46993,113328,43553,1
128792,127600,45438,146548,118889,0
139066,74764,73931,73399,166214,0
55379,160554,174910,122589,141372,0
79140,79345,68509,82777,12574,0
92140,174796,86263,173310,67995,0
29445,156162,115021,157373,54103,0
108941,180139,131094,88308,65944,0
1421,97032,39479,119141,150757,0
20660,114435,133084,30948,198991,0
103387,2891,178235,104956,131962,0
169240,56136,101365,129205,191670,1
93507,71539,93181,117555,126380,0
129318,179996,28635,111083,12976,0
44330,170327,94884,85071,186681,0
199164,141685,122867,189893,158446,1
84225,149481,64124,111571,193374,0
106181,79312,171243,121446,78405,0
82020,89718,6378,84041,40453,0
20401,62139,126757,88871,93394,0
10030,50518,111764,21326,16994,0
138851,17090,152945,192995,100812,0
172313,182118,93753,87909,167464,1
161269,34979,44733,157918,27142,1
144842,136872,16298,105511,182607,0
176475,1766,131750,53283,177471,1
126107,194023,188250,13626,10464,0
92111,141394,122441,107379,159952,0
136612,10905,164309,174248,102836,0
15393,151204,135267,135617,154403,0
95437,182600,93964,113922,7484,0
79890,54578,172419,102430,9666,0
4974,7033,118950,195825,141391,0
170015,131739,199308,198639,84291,1
85036,124737,171812,191779,103019,0
36040,13467,150960,81800,175620,0
150815,111595,154941,156028,197917,1
157069,198811,80663,152614,179297,1
17449,8538,15529,5626,34431,0
79008,42053,14369,51705,34772,0
160750,111680,170544,53286,190260,1
131316,143799,12385,35653,37858,0
150154,135716,36198,6233,180304,1
163697,137195,146974,33260,49832,1
135046,97120,162632,92090,51925,0
20482,14774,75023,347,117942,0
112828,189473,18320,62024,133274,0
100342,163855,72179,106484,118395,0
58583,3107,159546,70270,119042,0
178673,119430,58795,1931,138661,1
47621,74806,62232,155631,122097,0
125637,125694,7063,6301,177301,0
174458,23237,127335,97283,172254,1
164923,125191,114635,142280,53879,1
92192,72406,126478,17221,146721,0
148032,30789,87918,11193,46848,0
139668,188066,25938,156238,12366,0
121684,145671,50494,71790,1676,0
116063,91405,30603,67792,106111,0
17006,150036,96207,21595,178378,0
6303,8882,181951,99472,74848,0
12663,195147,187918,1581,36007,0
193576,143536,174427,26528,58222,1
151154,158303,55541,58620,164247,1
105579,53207,127331,79181,64656,0
17235,127161,174143,190720,79959,0
92256,120547,114478,86303,44475,0
32290,87140,88619,64464,13754,0
102613,160804,38941,13447,239,0
48649,185469,117328,57120,138353,0
20526,156676,3287,176505,175180,0
19955,58961,71096,90426,177741,0
182354,61868,7702,143139,93499,1
13496,14531,179862,139729,109635,0
49154,185228,107796,119748,108109,0
67749,21517,146265,78450,189287,0
15121,169266,173348,56549,156823,0
105644,155507,60030,159498,132640,0
41340,33295,163118,142706,100598,0
127690,10662,86224,192880,75622,0
101409,152394,28139,45579,13837,0
193568,152591,168007,184578,187006,1
145995,15420,194279,152242,122316,0
108138,69158,15053,90020,52100,0
109354,46154,99449,4535,78253,0
12746,106143,152721,155394,54595,0
40657,21565,99272,79799,99420,0
67611,177201,64034,139824,107779,0
55407,156074,146579,128730,134735,0
57373,105113,66057,57076,150406,0
54864,49762,77276,143915,45326,0
164440,24468,110097,104392,19373,1
183063,104531,65406,57818,81058,1
24235,83395,76134,126874,10982,0
16829,140450,64913,57801,194884,0
103005,100150,119336,85351,150095,0
96320,38572,96343,172235,36251,0
162423,76418,132137,118809,173564,1
25603,106248,184479,171961,140307,0
135854,115679,22415,94893,18731,0
69775,190491,162657,128434,175236,0
73025,53524,175584,90442,102293,0
40211,38607,156264,44417,87264,0
136454,38401,151334,63175,71222,0
7740,58547,174433,140847,164724,0
13735,63454,123424,140295,169368,0
37000,81740,36302,54090,64472,0
69388,143976,27433,14022,11939,0
177287,175264,149881,91835,195506,1
24572,78392,134401,61166,110275,0
178156,85479,37154,1381,28108,1
184546,153563,125726,23526,148246,1
155839,195318,147446,111070,135576,1
122854,48313,182512,43356,60356,0
95231,175034,15978,106204,121429,0
52020,134065,3591,111341,164696,0
91034,27149,112510,61196,179943,0
112080,26671,194078,6376,141901,0
81308,14031,18258,129962,143572,0
78009,52393,100511,66422,100850,0
102983,21584,11762,14136,112587,0
63095,99003,107585,57428,11128,0
182874,128536,13546,86283,72008,1
137812,50810,1484,67721,156295,0
136479,57219,23929,143696,62115,0
50999,96074,141649,168635,52208,0
145044,2650,54586,111139,136501,0
82581,130480,121918,46467,70109,0
35543,43800,75452,138438,176110,0
113867,132553,8789,74367,95470,0
95318,108105,125664,129205,84178,0
125804,162153,109596,24471,114398,0
141444,65153,183485,149008,66226,0
3887,184342,192554,119019,102004,0
124078,92689,108036,48718,174882,0
142508,152881,102931,14520,155350,0
95740,182531,84213,41942,74883,0
36809,177398,60649,35194,107296,0
120862,71072,22520,130,105742,0
2525,99781,77103,25727,146349,0
139228,21460,57818,175645,36626,0
144525,189528,107807,109366,60436,0
45493,56333,76501,26228,170542,0
14826,198051,131410,16612,199048,0
3483,79482,69666,177600,23667,0
67186,92548,80360,24907,66359,0
165768,101740,168405,145417,103540,1
55139,31401,70447,13882,112528,0
68566,57677,106018,185738,126397,0
33024,184841,140278,82453,184676,0
143035,162891,93991,124517,52190,0
197382,167003,177475,178850,60211,1
134060,148633,111488,52757,185248,0
106483,82658,44007,96000,69501,0
107767,156250,148067,90175,1943,0
39633,30827,8474,34117,178620,0
52740,91055,37284,162410,22309,0
45611,62527,153661,126951,33687,0
20327,56077,109292,140534,57082,0
107712,119662,19619,63193,28747,0
5530,25677,106083,100533,55136,0
42283,541,28742,25763,163674,0
131229,107106,62476,18693,128871,0
176438,147592,40266,76612,175130,1
95695,22698,95348,178960,154085,0
102109,143168,32402,14227,24910,0
10759,29230,184185,71429,156932,0
117804,82195,57095,109461,153545,0
195982,94878,111180,58265,6992,1
152639,174033,41701,175458,50005,1
47786,157337,34206,16353,55813,0
119019,24385,193890,80362,79155,0
117767,1458,191699,68759,105258,0
49741,76455,27336,112561,26882,0
169528,79734,19362,116759,149333,1
79962,67973,50835,170702,55773,0
80226,45707,32657,138246,70646,0
123818,94610,888,143555,139150,1
170769,62718,152098,25749,2872,1
137173,75563,100484,6980,58447,0
199833,78090,65428,22575,178245,1
21647,192355,149020,179872,133030,0
133273,57327,72915,130625,29924,0
139894,185783,468,27684,133583,1
182630,64380,10149,63951,140674,1
171031,12029,120601,6127,16541,1
113444,183284,111375,102760,14128,0
16718,65235,5262,167520,94688,0
109297,36168,25828,58407,136856,0
13005,187414,38513,66419,40841,0
102119,175074,146917,16140,128452,0
99416,17241,36686,74525,163504,0
97326,193422,55382,91817,68650,0
186562,40537,49232,46275,167954,1
12986,25812,186614,36563,160674,0
141167,32906,114258,78271,29441,0
137586,129951,12,123154,35687,1
152542,40412,159865,130009,139823,1
29427,85548,178982,17835,109877,0
127694,142191,48105,60254,49719,0
12412,108260,187828,164539,181271,0
49300,166787,28430,64789,19071,0
102807,37842,135795,129589,79224,0
81341,50254,158835,18223,132092,0
98878,113502,2391,8293,179928,0
8974,170789,67593,73304,112839,0
111835,168614,100214,21811,68790,0
136656,56930,60678,85680,60559,0
90264,40850,46044,142476,59272,0
168767,171650,148997,185494,158554,1
135253,192283,36479,169984,102097,0
116001,186443,128633,160136,196217,0
93515,91650,180783,73528,57219,0
93337,91783,166616,88745,138533,0
27129,6437,89017,106901,39317,0
196404,152683,55995,32665,30682,1
26905,187438,130024,89740,94971,0
181940,114014,150929,139831,53551,1
168644,132775,81611,154316,61362,1
122311,188054,136295,152445,54395,0
97845,79774,154782,66332,160695,0
152747,32297,174391,65907,129895,1
114714,187100,127663,10173,187990,0
191227,92439,105929,138790,16924,1
199714,108005,35831,319,22932,1
22599,53516,74261,114810,1606,0
171156,140764,123748,137624,17203,1
91665,49920,99819,36057,175299,0
115788,172612,195766,129137,130694,0
11389,144332,142185,124545,24908,0
77326,138941,48473,68635,123276,0
162940,152118,165023,33793,70789,1
32979,20635,43505,114788,196677,0
129152,22682,148106,170413,79148,0
60196,51121,30349,101756,119229,0
88218,16368,105024,181413,94229,0
91442,109315,191663,30988,107882,0
6033,4614,180556,136842,70413,0
21857,72321,78461,149791,104396,0
31018,4637,144433,189574,160946,0
28883,163124,176119,118344,127143,0
60174,31528,79019,147268,54719,0
134140,34043,195016,57435,175196,0
88975,99308,19459,180354,28285,0
104480,144509,102165,130978,163693,0
144215,10982,57761,160664,70068,0
63898,5081,180734,121403,90964,0
55632,183695,12916,146953,84229,0
62650,160125,137323,178573,19091,0
144082,114045,30062,33463,154485,0
190801,7231,90778,4467,178824,1
192529,148573,159491,96311,94601,1
27184,97442,42211,60788,68679,0
137057,198661,85285,75891,79347,0
100676,149940,60033,125720,58078,0
68831,67897,175132,122678,124377,0
18224,196399,33286,169492,85575,0
118173,189273,154232,106126,163223,0
39346,120783,90917,61344,61689,0
48160,122048,121218,1504,177381,0
162230,32052,18073,21053,172388,1
119009,133997,9529,8791,86411,0
26118,106397,190976,102843,175090,0
92717,64923,136596,108962,43928,0
4962,19435,101192,109284,186088,0
131754,23946,44251,126016,119881,0
132573,90255,2759,56182,90242,0
63885,193255,171861,140871,6133,0
194011,154806,140346,7142,128725,1
199013,13408,168788,79921,54696,1
39725,24932,188126,4252,118018,0
142121,96104,3448,130729,195107,0
29000,187735,157841,74892,151311,0
111752,139128,26984,50564,83057,0
18865,113721,142313,33861,66679,0
87152,162047,5337,10386,79947,0
144482,18458,181778,70803,90342,0
42063,75192,9808,70883,104654,0
154340,100571,52900,48869,170627,1
150025,40610,168337,14490,197795,1
72453,99689,9307,189664,75951,0
172955,183849,88182,3176,2409,1
163020,72014,31270,122709,34238,1
6137,19802,172776,139253,71791,0
77508,161143,92057,132651,68569,0
136305,40117,33041,101342,191938,0
115797,47056,175730,45077,30646,0
168871,40112,149847,151799,32126,1
168552,90817,154781,62129,136467,1
179500,169646,78329,17923,68745,1
121798,157159,197739,172616,92283,0
151401,71476,134993,38881,55966,1
27262,57081,98235,162436,162416,0
98146,25827,161949,114654,5873,0
137684,69050,155012,33580,34525,0
20313,47194,179736,133053,174319,0
72236,90334,105240,141107,47528,0
70598,502,22309,184742,145526,0
91238,41268,96006,149274,124818,0
6064,172901,239,18252,109520,0
5641,92537,82620,82266,29013,0
131340,39000,26246,8647,151140,0
131647,41632,177024,18608,51558,0
174178,142679,114326,114834,60735,1
10771,153533,136496,123857,73271,0
189956,41186,139328,164330,158023,1
42837,166342,95839,72280,91177,0
5394,90771,9314,129244,78691,0
9359,146667,6896,140511,141998,0
181165,36221,164791,129144,21531,1
16695,16855,80040,69468,23008,0
176192,26064,158051,144088,31829,1
6401,194764,92964,196573,81468,0
2313,59579,179475,41735,10391,0
113682,151751,25596,116873,65925,0
108302,11344,17139,179342,23407,0
198760,111053,155118,61941,76406,1
133746,154492,61303,148620,18029,0
94981,193051,125769,35392,198927,0
187812,164204,102301,61147,109496,1
164653,168303,113148,174895,19743,1
81162,65814,180372,82838,154544,0
10712,185902,155260,117397,141204,0
25185,16687,649,59635,189611,0
82367,12355,131266,195469,49159,0
198135,51394,94030,9161,87332,1
27347,122660,50501,100017,25193,0
58076,76198,178096,14895,211,0
79429,115611,199846,198545,4967,0
110594,130191,155204,98957,119428,0
80886,11199,71079,50619,9069,0
136172,141631,127313,98129,155933,0
129745,110280,80627,106235,154323,0
190854,141255,11581,134191,165524,1
10217,103779,156811,32873,34003,0
96947,138562,117610,102993,19707,0
33205,121273,54580,34666,163564,0
45405,57903,140851,96656,12340,0
127625,27563,176184,65920,136248,0
35521,149703,67620,146969,197057,0
115454,84930,150559,171661,181861,0
161812,175816,161948,166939,148879,1
95130,32156,153542,198147,81951,0
199275,88295,194312,179046,126251,1
87258,35235,131995,182676,41185,0
153725,181166,44230,71380,76811,1
17785,187297,60944,190232,84376,0
1597,139335,44763,116728,167983,0
189444,118973,118469,138776,57711,1
32972,168720,139105,167010,124916,0
187323,30127,55569,91677,104763,1
173625,41286,37066,104903,104275,1
21350,175759,156162,63366,191664,0
129746,2850,111302,108258,119935,0
123254,188243,136896,15891,192583,0
111224,168041,99660,168177,159228,0
161307,102942,145456,118820,122897,1
33711,171474,83297,109138,60870,0
174930,23056,31688,16030,51933,1
76816,7898,38934,60047,42973,0
139244,44601,140314,19507,58056,0
66419,46205,150862,99031,192507,0
23440,172304,117416,56211,119031,0
100261,1682,8629,171583,55321,0
167450,7025,170665,55244,39026,1
18942,81643,118698,37481,93861,0
49052,82122,167970,138181,36155,0
190896,33357,121817,146509,190478,1
61429,76729,128476,76258,12040,0
35716,51476,93186,106070,865,0
66064,92785,178621,18811,6241,0
158600,69763,2981,36300,15666,1
36788,70741,99350,46162,31890,0
137420,186720,170329,168939,86465,0
96238,25853,51985,166994,158234,0
118029,140552,89537,49193,62518,0
2866,54000,128251,60739,4353,0
58613,31248,62434,156131,194314,0
76317,87709,107657,69532,25074,0
132467,60118,173641,175235,135013,0
14182,24846,51966,45773,138312,0
113900,85608,80958,107527,52670,0
170924,174540,51739,55144,103548,1
119101,126812,137615,40377,115590,0
96137,45438,194495,61406,32559,0
194641,45608,70722,130959,116650,1
72417,41182,7617,31856,16120,0
133561,97551,118956,86167,190574,0
167943,148609,62276,187911,164190,1
94436,395,165746,90993,102784,0
112287,71293,147171,140391,35385,0
166803,127351,59019,140038,146988,1
182177,5850,119431,103877,73250,1
199368,151679,59841,183509,42187,1
26324,94994,1271,35728,175170,0
83627,109336,122248,187780,151988,0
55338,43397,160417,3821,60931,0
46032,30806,54516,161886,60321,0
110076,29848,95762,26,126643,0
113776,101401,95219,197629,154587,0
181930,163335,156113,196279,24137,1
149838,176723,118256,199331,107996,0
60625,122998,50953,22538,69992,0
89058,5429,104279,106907,69766,0
86144,89081,81575,91441,132994,0
177973,32703,175991,34824,91712,1
68776,101812,118270,31837,195149,0
6448,167953,42925,89551,190476,0
155558,133396,106057,199630,23915,1
186205,109760,24266,89747,161496,1
127326,163827,56586,131364,124307,0
175706,83562,187779,192511,114448,1
164995,175866,63463,149293,139042,1
113440,11694,51519,155163,50069,0
140679,181125,1838,153328,186674,0
72463,97290,78815,96775,22038,0
54711,105486,188967,38753,176117,0
6562,144790,158166,142774,181945,0
138436,14162,198668,156476,126122,0
16966,94058,25849,35538,44197,0
106110,165782,186617,185172,98551,0
40948,35153,66161,176015,80226,0
124117,160657,82080,53708,64755,0
128403,106362,37479,42115,56848,0
160225,196845,81208,103877,192642,1
19511,74497,30562,119156,146895,0
56493,99340,30757,145583,120412,0
196941,125986,59660,63758,31101,1
123822,46253,40368,161506,196707,0
95480,32804,79810,180607,158343,0
78821,72291,108425,151302,70384,0
134134,107958,61445,30184,22126,0
185444,126605,193128,74746,51308,1
35548,151516,175938,51250,135131,0
62893,114855,165750,104766,114382,0
114356,175243,16337,74328,140268,0
194615,8728,39924,63023,161983,1
37355,102794,38723,84838,389,0
188547,119609,32721,146065,159027,1
95253,116938,26272,36403,106564,0
178641,177005,104617,83606,104716,1
56149,123225,70884,102777,173584,0
76758,6401,15120,160606,3665,0
52980,143824,194978,181033,93777,0
58393,103764,113952,122030,181506,0
35884,64369,105999,187321,132404,0
58280,7918,39958,131341,188721,0
42161,126427,13017,36682,141554,0
49404,6512,7527,23239,194292,0
132683,62764,50984,43537,78701,0
129703,147148,130794,63013,48324,0
54375,60205,159860,100146,141600,0
112611,11116,155950,127081,67716,0
60264,179636,197172,45920,8014,0
301,12185,187827,94527,47189,0
175370,13110,108579,40413,181519,1
95585,162876,119961,148337,28430,0
195537,36850,94096,69230,10548,1
72628,102515,103366,47819,60197,0
121351,36782,50707,95233,112609,0
121073,82689,189337,154526,183789,0
52617,129258,6731,60172,110568,0
185268,102270,164923,135721,71968,1
32150,60816,43280,166403,121267,0
106144,30788,39951,187978,68659,0
142071,81884,152953,153474,126856,0
172797,94940,77902,151339,149093,1
35776,97538,92275,3631,162359,0
13200,7003,42417,90809,29485,0
127763,80505,198294,198336,186358,0
24191,148040,141188,184398,169259,0
156733,14602,180706,57221,160968,1
35647,44939,155134,61983,141151,0
36352,198820,191021,126154,185444,0
32315,72083,114908,111719,42782,0
87118,50824,32607,60593,49951,0
85125,10246,123430,9712,190261,0
12765,43151,10778,175715,76242,0
149918,92369,77002,71708,26094,0
115350,141979,56033,107234,137460,0
108979,132367,159304,90140,68871,0
71638,136556,78531,154313,111934,0
107102,85056,42193,39167,78,0
180163,166822,169646,163699,130215,1
100919,171800,61803,100351,124683,0
131093,135810,161316,21620,47754,0
121265,30967,151918,69625,87637,0
30527,25368,135234,64035,31232,0
150655,150639,17272,36359,120914,1
196668,44571,19383,105393,54489,1
105814,187704,79482,62341,2031,0
94822,153487,131544,22779,85137,0
335,15669,85514,99826,19798,0
137307,148901,184541,12917,160471,0
32476,168170,66166,8594,89181,0
150385,10497,28528,88221,140790,1
124389,83212,159737,191442,190990,0
164858,188051,174877,33338,96381,1
125963,161187,126617,118731,61177,0
160547,31640,197131,180948,132823,1
110965,51183,45268,68243,178112,0
94065,44567,47809,188299,123443,0
180164,100746,128389,110183,33875,1
11617,24444,156724,142639,47098,0
23269,160423,99416,41490,146440,0
18421,148071,139215,60381,126261,0
188023,127158,111703,13830,180013,1
25689,53335,172384,26435,17807,0
29924,46528,94307,57788,136002,0
61515,187984,164791,38894,154547,0
176085,41407,78635,313,10199,1
8616,148808,171118,141923,5707,0
32363,58373,22949,152337,62080,0
62786,98633,79591,59990,76928,0
129198,130092,15494,23790,185148,0
186130,186644,56282,126958,116602,1
37979,172278,144651,2298,71570,0
91668,95731,174035,94175,131215,0
186853,104195,44021,145499,123912,1
2010,116814,86897,188450,63598,0
72033,137756,98919,101195,116911,0
8605,55431,43066,186675,27981,0
36670,62172,89747,86322,121525,0
100019,99674,43210,30531,42650,0
64303,169710,78238,87771,174007,0
180285,91286,134937,86395,170566,1
19117,171191,61624,60326,62977,0
166633,10329,172798,192113,81593,1
141521,95002,109379,35215,68488,0
138856,75547,153794,14649,1300,0
197317,50219,141303,140174,180315,1
160899,185913,117477,148677,61380,1
161401,173963,70678,195299,25848,1
11807,175761,69015,163126,185505,0
136937,30599,188520,145775,145834,0
83655,56820,12481,179595,166024,0
165776,192221,165519,10235,112961,1
175307,154382,193404,199745,141290,1
94567,185429,103862,70909,88126,0
141917,69722,198626,111843,154634,0
142866,127614,183560,20307,176132,0
79388,27651,143658,110196,156313,0
53001,122678,35225,105538,69524,0
90298,10346,59852,172780,80431,0
140217,163535,72189,12837,169422,0
166729,29343,192630,1925,51393,1
163973,10794,54679,105469,71897,1
98680,124372,168122,144211,80874,0
122444,161564,67146,24052,32990,0
80150,95575,81770,159430,161699,0
101750,137164,40943,29808,108134,0
139204,60278,86991,181032,187072,0
101678,27542,121515,189157,15600,0
68964,169626,163233,142847,121242,0
77130,165863,193134,18921,43040,0
143477,48945,7107,139971,79061,0
4145,186904,116340,165537,174671,0
167637,176776,111898,195754,134748,1
29454,17598,163922,41807,65335,0
26947,173215,160727,158800,47470,0
142491,41618,197179,97571,13164,0
73335,178234,42773,28861,45076,0
13346,117046,165770,47336,176020,0
78061,115389,135739,142920,88653,0
113338,120025,90451,23093,5136,0
91667,166212,175970,30683,174649,0
137892,2685,92969,125848,137662,0
106318,45375,72301,83439,91991,0
28173,88712,145993,96040,176962,0
27089,39726,89815,67061,98884,0
7293,108475,13629,53899,87605,0
76730,85625,26590,105844,87184,0
126510,5843,91180,87811,108105,0
43198,95674,129305,140824,135142,0
122908,153723,81212,81275,1431,0
14216,18392,27817,97271,19932,0
105110,130078,57412,88040,153231,0
101036,156985,130856,107731,21367,0
60031,129790,66441,174453,142506,0
84168,97870,143575,107877,44170,0
186144,156452,44083,11819,187623,1
80154,198241,19682,26215,101452,0
173496,142692,68028,196789,134780,1
118095,120442,23296,168928,41643,0
122886,43988,61259,177085,190563,0
21031,113505,75543,120144,31297,0
106801,137097,29718,42980,136668,0
114765,149881,103436,49644,76317,0
182054,117150,58244,168704,29652,1
179426,188339,165632,164174,116968,1
165445,96464,139480,130027,188692,1
45582,31290,59736,102463,90669,0
12923,94703,72156,6265,174555,0
128045,120957,9846,15839,162637,0
83758,147606,128301,18597,135886,0
193369,183161,847,176580,81747,1
106382,77149,190356,7751,168625,0
117670,86627,186152,74038,187395,0
139129,164056,153707,25981,52465,0
184282,53849,64891,114666,117368,1
17710,58992,55160,47724,56552,0
122616,171242,109384,52415,164714,0
92056,133955,99610,16853,124932,0
6968,127117,57882,199753,93358,0
163723,153052,102894,132157,8943,1
112272,8025,32577,112984,13752,0
150691,194965,166888,165188,189912,1
61471,26408,183205,136013,104900,0
156509,51945,73894,59497,67469,1
48498,190718,193728,150338,66226,0
150186,47281,168944,147810,18679,1
80164,128976,79488,112687,158587,0
178316,5515,37217,71660,84319,1
6132,123585,163122,174721,101201,0
25059,64594,346,163678,126278,0
154918,41851,11207,84690,40986,1
144593,72627,22247,133163,177753,0
72876,46169,126291,54533,197679,0
143230,150143,160811,154563,53476,0
121330,78321,176185,182900,10261,0
149425,102956,82060,145665,191563,0
70287,50356,119260,155675,24879,0
69865,34050,127499,77940,29157,0
140617,144843,178492,87549,9953,0
18408,98005,32278,41742,136437,0
183677,166810,20437,125886,11773,1
198775,7133,124647,130000,87204,1
42823,35523,197237,196165,112457,0
104691,59491,2158,147211,109696,0
136384,31308,57812,60687,94456,0
34128,79980,163413,187381,15274,0
7367,31854,166595,164235,129720,0
126636,18456,52185,20428,179930,0
92161,115179,70358,187198,65623,0
37276,104380,22909,199528,69416,0
46085,8371,152008,132351,147668,0
11831,122626,165223,154984,166347,0
163438,82148,91089,155916,137379,1
185867,3920,54551,137167,159273,1
98063,180644,188110,59524,180396,0
189547,169542,121604,12118,133357,1
84597,129824,109547,98506,97138,0
138071,196532,31693,18131,195417,0
68057,149650,198424,166642,54355,0
79019,98174,181139,15019,27046,0
86566,1538,25081,60078,149563,0
81888,80361,28934,57332,39896,0
41961,51231,69766,197823,177941,0
76969,134219,149144,61299,130401,0
123370,6769,79232,188503,39521,0
138251,28952,177879,176288,22649,0
132130,77991,78126,170641,13796,0
134736,64678,193080,54443,193336,0
33400,105334,119157,173183,197441,0
7976,164365,168087,43200,116404,0
93650,179529,199845,144606,3932,0
4719,53630,97078,127082,147564,0
156548,92195,149792,27139,73687,1
140754,141385,145631,95911,61885,0
61181,161192,113104,70430,90112,0
195291,105218,165450,25688,37743,1
54506,78610,3798,82384,124108,0
53347,111653,177590,47041,141052,0
182936,170915,150381,74877,110758,1
188742,143901,77505,30046,118117,1
134360,44565,93507,100035,129098,0
21513,134448,197736,5407,96310,0
135521,180459,32194,158995,17115,0
155601,169851,95547,25775,39840,1
176653,152884,84176,117338,131591,1
12300,103080,54072,194072,55612,0
52777,28566,13384,115520,77109,0
125758,195202,85800,69963,181964,0
35710,10951,55653,54248,177598,0
172643,180561,135409,98402,60653,1
198625,17581,121592,176701,105660,1
117946,115015,26440,99653,124082,0
24707,114640,94408,94186,52019,0
73045,33444,153052,132576,23549,0
70222,41221,86274,66095,58802,0
163593,149181,115451,23681,55341,1
117909,158435,120737,105730,73336,0
144243,76569,42102,102208,108275,0
35940,79022,179449,86719,31950,0
113059,71087,47850,16792,139955,0
94895,37370,149028,66186,11462,0
67979,164076,52496,160052,175607,0
88093,5890,107012,136611,10691,0
84414,93292,2115,88281,172158,0
194901,59317,47522,87497,112521,1
146651,13811,35539,141634,126219,0
191697,18547,127215,156203,44168,1
173444,25247,90127,193443,13243,1
136421,16996,124395,99087,57325,0
159613,35786,198949,164506,106915,1
28276,178108,89205,125997,158003,0
185031,64211,161500,184136,58123,1
89835,108814,117789,69507,45562,0
172159,45052,36740,91293,46371,1
74637,86251,51485,61996,131115,0
88028,173937,182878,39174,9071,0
83089,186161,122406,150783,110352,0
97054,167122,114287,75668,151948,0
57809,68477,23422,106377,160485,0
195814,173969,172347,126479,19449,1
119827,71989,57446,191805,180882,0
41342,13860,173209,188438,27086,0
11515,1841,88089,30602,101380,0
115254,65114,91312,29060,165631,0
38748,169756,149186,45965,170621,0
194755,99407,94114,2915,83912,1
4764,93484,121499,119195,80724,0
187622,41121,111604,112066,15275,1
33307,179190,111671,160780,147389,0
141251,8258,125100,113658,171324,0
115283,15154,127005,98434,47122,0
27084,83697,81779,99455,7434,0
181282,177428,123930,20988,133561,1
134048,9299,192782,155639,11142,0
71651,13781,49690,155750,124507,0
116790,107390,157423,28935,120700,0
88580,169141,193594,153031,134663,0
89038,181999,53245,40323,136622,0
10256,93347,71176,4934,156735,0
55747,35755,68450,54645,172693,0
12957,84583,111184,155995,54062,0
40339,100651,177878,186242,54930,0
5660,195716,75115,189678,160127,0
95831,170348,142351,56334,161796,0
75472,69815,93713,96167,107463,0
125850,80731,19115,129716,67547,0
111553,137276,119531,182203,12335,0
83628,171858,84553,76161,112160,0
145637,114789,90252,104007,62521,0
43162,123279,101705,168160,23894,0
24645,55007,161597,133837,40725,0
182759,74289,5083,141709,107197,1
36023,178644,57840,57657,95080,0
42190,145799,141231,192508,117998,0
54992,49056,113754,30,88394,0
984,60751,134355,184971,1865,0
133571,171474,112153,72165,146743,0
163730,161942,187081,61051,143637,1
102539,29822,142415,158927,87423,0
146322,111021,74980,75216,190403,0
197340,24335,65012,96980,105808,1
17429,62158,82722,169730,73263,0
182149,74542,178592,138246,91442,1
156147,194634,198158,60159,165788,1
165253,117008,52333,84367,237,1
64900,193005,5898,130523,153350,0
182686,39979,50416,78060,117563,1
84295,13222,87161,116432,99825,0
87420,97084,12598,154231,36112,0
63449,173226,113042,187371,179500,0
132464,55049,93133,32045,102656,0
139095,34094,7,159764,189396,1
103118,164318,174396,63957,189759,0
14410,79851,108311,46324,105920,0
104036,11832,132938,137582,157313,0
75543,18246,62894,190500,3046,0
86643,13116,50884,16242,76229,0
62342,12686,104131,197308,111973,0
7662,34589,174251,106819,74430,0
191053,107552,17368,146919,88733,1
6372,38613,29925,61856,199460,0
189546,13397,181303,181465,4998,1
97279,153485,159020,9700,3589,0
18746,52632,171276,198993,109152,0
156063,125159,16706,149661,13132,1
67008,40468,189460,190065,125471,0
181590,153612,156079,191584,65778,1
135073,45057,14354,49539,176536,0
158915,177064,71040,184550,29766,1
99787,84030,193962,62422,89377,0
196361,27797,83736,110849,184973,1
18218,99791,100193,139887,155387,0
147746,135014,194890,108579,54976,0
141671,111302,191785,163598,37027,0
32155,78750,196829,9877,146657,0
127671,52294,6335,167912,14667,0
150266,94627,35325,119339,187531,1
173230,44500,125273,90146,55678,1
80130,104113,48220,162002,35858,0
44309,110948,122297,147794,88913,0
66732,119977,125227,60211,125471,0
163868,7993,32437,14831,90970,1
182631,179239,4332,135440,60041,1
122053,160711,197607,166566,142889,0
174726,62461,30646,4544,149683,1
17294,137152,152594,99854,111525,0
189710,129755,44357,17063,68273,1
120245,168705,55285,26686,23484,0
61785,50119,197437,165040,140096,0
45789,104667,158318,34522,104000,0
27550,123482,174936,142593,11357,0
103589,173404,17045,183845,142731,0
52908,16352,76175,51794,112833,0
109882,161660,63432,176147,43065,0
32976,66243,47928,87957,128657,0
131419,145321,171367,27606,106857,0
58445,191934,11937,138848,110744,0
186774,4507,96792,137554,125226,1
173443,16236,168492,109185,131610,1
120969,35955,12438,6846,84639,0
4564,88856,92744,110891,119950,0
130032,31932,66773,146569,12422,0
148998,86536,115923,102523,9773,0
6754,146400,167608,118413,89213,0
43201,149134,18968,86523,70983,0
82078,125276,98017,187915,110538,0
177011,78103,153037,43567,143719,1
23128,155044,31405,158342,13510,0
17484,88518,157578,37876,133010,0
24885,114349,157070,42334,117406,0
98468,49820,92652,74795,184419,0
148650,160651,146815,158942,199485,0
141585,137072,104257,55354,102399,0
118301,147621,134065,170831,183009,0
83762,84627,160165,91935,39797,0
69920,2343,51342,178474,66659,0
148172,123577,64230,55957,144556,0
107157,57845,88449,183727,34075,0
129542,101997,172919,102278,75693,0
12148,100306,63837,55230,50682,0
29505,143282,162103,131138,138461,0
174347,27777,14452,83551,181943,1
55227,146239,91147,157848,38891,0
197533,64678,114589,54021,24361,1
170957,101792,38975,194424,132454,1
79889,199158,70984,32404,191807,0
94175,12356,103884,126429,120513,0
53810,29819,50273,41067,41663,0
133316,129184,162660,16014,61168,0
66027,122382,153730,188366,179016,0
36936,144669,116719,118711,143804,0
86461,723,162711,125882,136905,0
146898,183191,170333,54339,136037,0
108512,91786,175966,136793,110882,0
23738,135023,198417,39648,187920,0
48861,62732,114641,117657,133663,0
26724,20442,125509,38466,10347,0
191882,86161,2652,40614,30657,1
131931,138574,129159,155285,65206,0
125528,146328,160043,90881,41627,0
106518,191339,24767,185651,49289,0
29063,112414,132640,70804,51190,0
33572,32537,169907,109622,171119,0
98884,62322,172624,176234,91217,0
192453,174260,106799,56890,134184,1
34982,180154,17702,112206,140861,0
188936,180215,158974,76570,132360,1
173268,171464,103814,108348,94353,1
67004,163561,76019,70142,154945,0
118002,27417,94979,138028,180649,0
54583,840,94961,83345,88737,0
180633,27452,190407,19204,178051,1
112093,153253,20032,120935,20132,0
192387,104771,132661,13184,97950,1
133737,78459,111365,190747,76857,0
119889,31935,144102,185465,46400,0
95641,162124,5550,68966,104253,0
112954,130844,175347,11678,18112,0
180816,1898,22189,113608,19724,1
38736,102903,164769,120343,81162,0
122832,20356,32307,116181,4942,0
91364,133336,193801,181552,33713,0
12474,113110,86831,105469,80909,0
20663,89331,19865,80083,172750,0
151796,84941,63802,135508,54870,1
1747,34769,81823,10724,122962,0
173065,10385,96663,110841,100973,1
142030,111274,41811,27992,15263,0
46289,133760,97476,11349,158781,0
154822,119081,152340,100811,16150,1
51881,114832,173740,15706,46852,0
87397,164046,128202,157978,166822,0
121232,22289,159248,47303,68508,0
75160,3049,64386,123038,128286,0
52460,190211,165532,54589,106086,0
11043,168862,75196,21263,96563,0
55677,117758,159976,164988,64496,0
19789,60588,39008,128169,17207,0
90910,176767,19778,164002,75437,0
193824,166474,138835,144777,22684,1
38064,26482,86003,93931,79524,0
112236,79669,24925,183794,51747,0
27518,41283,82944,55185,49219,0
80111,109761,85417,146339,171737,0
191025,30812,169236,73603,87578,1
41035,190083,77170,106035,22967,0
158109,50114,166403,117510,16078,1
54226,111131,59325,170797,77817,0
9093,137402,58724,198369,137946,0
154075,128250,178684,114369,164933,1
43219,106919,121349,40839,4685,0
58054,20383,118553,134561,16594,0
30297,146288,8417,91277,74347,0
155253,159935,71110,33454,37452,1
69486,160900,81959,65218,100237,0
34342,105675,99006,181538,139332,0
191433,112797,14671,44049,40128,1
178639,8678,77218,90835,52407,1
66342,76413,43971,3085,170596,0
102428,79749,138502,31205,29417,0
52165,11464,97664,8973,131379,0
47667,196943,74690,56147,103751,0
70680,183360,67067,80651,163202,0
157813,22523,55606,125012,82492,1
147962,112552,122805,88906,115187,0
126646,74813,184784,134619,51292,0
153546,13366,114795,64539,5230,1
20898,196656,170322,158423,99016,0
148337,192646,185424,110817,137718,0
137132,82356,89958,120788,63128,0
88221,17761,9793,193097,103559,0
151031,187509,6299,142028,157864,1
75726,123198,133020,14324,115504,0
107977,81324,103608,35990,140077,0
187682,161849,179118,195844,40050,1
64751,145410,171405,96211,64047,0
163419,125481,50448,71115,144827,1
117411,39352,179576,167803,4019,0
40342,125202,179121,75504,156270,0
38328,197718,123231,78130,12012,0
56001,187410,82712,164735,114002,0
114322,36175,127244,116426,175494,0
90373,163097,15331,161629,6912,0
72043,96604,161238,165417,47076,0
107913,137964,173685,144406,61749,0
147129,92705,17163,135773,14049,0
155203,183564,166936,47335,61100,1
32238,199441,67454,158688,43840,0
139362,40804,129042,176598,190907,0
119612,86016,8261,124995,88574,0
8757,156855,6530,149901,112417,0
99723,59432,184439,178255,172068,0
166595,5885,132847,8951,43544,1
25630,19017,105725,71274,124323,0
36658,52179,83362,27307,61860,0
94605,143034,34311,162343,58649,0
107833,178027,92027,149520,138242,0
156317,169383,60240,58371,183420,1
141789,14875,160783,114053,153487,0
54099,74853,99168,101199,148327,0
136961,29974,46132,115459,39155,0
177546,105139,51508,144575,87328,1
112679,153244,157820,112720,173267,0
122396,131864,73375,36260,79043,0
178845,193769,180980,6119,134653,1
111293,132963,118432,87826,181363,0
197182,150712,176838,111400,113829,1
38404,75776,164895,81550,10864,0
13855,130730,182986,8857,173765,0
71749,2790,102363,133599,39135,0
199823,35619,96177,168193,81477,1
104293,42075,174568,117248,119604,0
44819,73481,23191,64708,71051,0
75718,98300,8992,33950,187757,0
68510,117072,152026,93374,92658,0
189040,45171,77426,39375,137047,1
52585,71820,159639,56033,127047,0
5215,183823,136456,23890,178073,0
10329,182357,174431,82286,31533,0
123892,161441,99252,33354,53010,0
39585,55214,55140,24133,191052,0
33879,50011,72113,19496,20606,0
78690,102529,133838,113951,154288,0
79264,153146,91017,138704,55902,0
157062,165715,82909,195050,130383,1
78915,94203,78679,25524,151574,0
128720,167915,71546,187482,164143,0
125755,72554,190272,151325,40889,0
19548,37296,195733,190500,136684,0
116501,21932,29593,41916,118364,0
158102,159075,32436,20334,66727,1
29089,41329,118351,62432,81930,0
22899,65786,65290,131900,47753,0
109821,124115,141404,566,28540,0
129129,188359,124977,142826,65920,0
75204,28406,157597,143564,184053,0
108032,108573,80735,149162,59457,0
112817,34815,89770,151451,40477,0
65774,76227,20873,184388,165989,0
47433,157842,195385,4734,129407,0
116776,60313,111749,37386,3460,0
150303,50454,80246,79469,63145,1
129624,65049,19214,25468,29791,0
42008,87900,50692,135795,101818,0
166874,164563,59892,188553,130675,1
24115,187984,153640,141566,199546,0
129511,127691,176505,87128,72880,0
147596,41563,118057,120517,24967,0
180509,18725,42177,173808,75466,1
85048,108463,137036,28567,89624,0
135855,141040,162624,190677,16007,0
99535,92210,71238,139521,150854,0
145710,134648,100389,140144,10949,0
124448,94292,100340,138848,125979,0
128172,45635,132783,196938,3917,0
77659,38942,47159,77971,168150,0
108328,195466,26886,17355,72633,0
69341,151670,193223,50315,111188,0
58610,3068,2582,144284,176062,0
76454,147926,156390,118018,9616,0
121666,173929,143293,121530,56232,0
131536,86263,105568,8721,45714,0
85139,153150,170664,149844,194628,0
171216,68988,94322,180030,10930,1
113628,15479,27310,21006,118073,0
41240,176241,78824,29256,138808,0
56067,160329,23205,68977,138455,0
174177,108349,129000,179063,78329,1
129892,109218,118852,118978,182621,0
126333,110244,97208,60148,129177,0
83861,158780,115789,121010,139526,0
185723,150964,116790,83633,145700,1
100685,113778,114743,88297,150868,0
134364,6279,11809,132239,132196,0
82714,128433,192675,84377,147275,0
34472,14037,75807,73724,4825,0
97846,188985,107775,136021,62369,0
79358,191424,8285,181033,132625,0
44403,59115,6668,125556,94538,0
114825,195114,196689,45347,38887,0
145199,140904,186638,106612,69853,0
195623,192294,5765,1234,141711,1
198047,107667,137220,75869,119626,1
134259,29657,60210,162771,2523,0
191204,115337,98223,61254,90667,1
10109,182920,175398,34641,194600,0
194652,21870,123711,155197,52734,1
184879,60806,65001,137035,63747,1
74168,177874,5358,198303,152732,0
171003,107941,142798,19986,50611,1
6975,191659,79379,185648,186355,0
13836,19196,84666,133834,150094,0
23066,163864,25719,185933,149674,0
62895,132112,41334,113700,74156,0
38929,172681,112513,75448,82759,0
16278,153353,102635,71962,147462,0
167945,135229,118808,26253,179546,1
3208,71106,131029,99516,28966,0
94676,121497,21252,150251,183256,0
129009,123254,112937,31429,100174,0
164442,69696,190644,41883,170831,1
194244,146089,102746,5186,130656,1
62370,68182,191745,67106,156550,0
144123,42596,133281,88217,70666,0
134406,79350,7395,170622,40525,0
137344,179312,103615,177851,73631,0
76525,47870,164392,160271,133400,0
171705,120053,153123,105930,140807,1
52764,74563,167476,56179,83937,0
53104,131830,142458,90578,80746,0
167990,127149,73109,129867,27828,1
186703,18591,99727,138920,84498,1
75951,125511,196847,763,54530,0
9916,129073,123729,135132,148445,0
129603,104209,53151,189325,72699,0
94739,105151,85921,35445,79467,0
136945,158079,64457,14986,167578,0
92832,100271,181153,29234,167934,0
142251,192873,4175,27738,80381,0
12783,106975,139516,28105,64051,0
14986,69027,62412,170790,117675,0
138228,63784,163682,171227,128132,0
151535,33814,197609,152416,54139,1
181612,179252,57132,48765,54771,1
172572,176610,28076,101927,118874,1
132156,144808,76331,43403,128789,0
20207,25526,103656,28799,131373,0
107179,64740,144570,67582,128181,0
10614,23705,101055,38701,47843,0
49491,76605,159795,32316,64153,0
166824,62044,16426,2124,165428,1
149581,187518,111106,74980,90365,0
169422,15026,180065,71401,109201,1
123245,102837,93659,78127,178233,0
8403,5676,118334,95961,41236,0
175242,149191,150341,76699,17014,1
33149,154371,62739,133836,112041,0
34623,103461,133464,142414,173259,0
9040,128867,77640,140710,146409,0
33036,109346,138611,153692,176297,0
114222,147591,177385,105703,156785,0
106983,125549,132626,183516,44379,0
121376,113305,51899,4616,76085,0
60410,125268,188477,158651,77596,0
156058,111219,11957,50570,29943,1
39285,135660,38288,149170,187177,0
45695,101218,141594,120331,134189,0
181729,109791,199283,165977,20739,1
47194,100205,47949,44171,126023,0
120092,187755,41011,140936,157075,0
142613,199374,119430,66874,101045,0
70640,173894,70707,17992,149865,0
173681,198741,44471,60049,121497,1
141027,147533,164857,177809,150799,0
99777,195866,135287,169139,125489,0
14847,130689,183221,11186,113369,0
32691,18023,64582,196566,78358,0
30912,51039,134365,179490,133366,0
86567,161616,182319,61874,139301,0
147789,41894,168926,71789,86962,0
80097,135294,69690,127936,36957,0
98571,88803,65165,106645,78002,0
28450,193571,11351,174850,183628,0
181786,15038,74135,114713,78543,1
19082,40515,97310,17270,189557,0
71893,64606,68866,183946,194131,0
165239,44617,178948,134159,89956,1
167975,86865,166741,172169,108513,1
139194,25231,33327,179719,181374,0
104347,36256,95842,36717,112647,0
31225,90326,141700,137730,14283,0
26647,15959,118993,53936,101411,0
17507,144736,168714,45094,140731,0
195261,182727,38204,44165,25978,1
97852,123717,168623,170484,149678,0
22879,100769,145256,170744,85283,0
123603,197160,67829,63951,22037,0
84985,132625,110960,40146,28723,0
116703,187887,194028,70580,42987,0
169675,30763,146095,17896,31981,1
138265,63138,127460,34451,28532,0
193218,86995,180822,148555,181280,1
127638,50551,2788,167490,104432,0
68999,153886,80733,37047,138960,0
89390,36119,117599,143038,110243,0
8956,163675,61582,141928,91293,0
198335,46978,183609,83501,9880,1
64877,144864,46320,94790,180817,0
9313,84920,130518,154825,39307,0
42553,102835,131024,142643,50492,0
98623,91236,139779,180116,3302,0
190283,87817,61598,146733,115404,1
126748,44727,38131,181111,120748,0
14382,7584,155232,107446,13774,0
166813,77037,82536,58272,87071,1
11372,153776,120124,150749,116095,0
184308,196292,92705,174923,74630,1
1274,71883,34441,156909,127085,0
9799,156810,39177,34159,146138,0
114374,87052,2019,147294,173075,0
3888,117464,773,151799,121141,0
22772,140924,182364,53572,21418,0
157903,198154,5176,51132,187299,1
134170,16060,86145,31415,40167,0
88133,62822,92099,77465,51749,0
109688,122829,84469,51925,55988,0
173988,186847,56861,55159,193845,1
33313,74410,81174,26732,123187,0
13565,135701,19542,187310,114166,0
133476,56872,93077,111259,8395,0
27019,6302,72834,148842,109674,0
88880,12524,136517,55171,199977,0
35989,70711,1948,5840,160032,0
3431,91203,13185,74221,142028,0
196201,102808,119194,6688,34598,1
160133,40917,67587,118542,198538,1
55559,193937,89432,128887,50511,0
169889,142761,131908,104740,52244,1
15236,174978,86976,18547,17847,0
74552,33828,181956,14661,132640,0
176603,95907,195381,39073,175719,1
22043,179250,103656,189256,136119,0
153339,8676,135917,76075,5481,1
49576,118977,163837,184652,129104,0
69084,98662,74711,81280,58747,0
124376,153046,176744,119203,159118,0
198631,194462,114402,189096,11510,1
81293,88139,175266,82625,180714,0
174292,7769,144987,13043,95767,1
108018,96957,4889,42000,103652,0
74364,1910,142359,145222,64803,0
14867,143051,53472,181647,22384,0
26129,117820,145262,146486,13067,0
158443,140615,29772,11686,69303,1
104103,3807,41104,98528,95927,0
44666,113248,151547,179174,33122,0
57051,183500,94781,13946,171305,0
97213,131229,140133,150671,88511,0
71483,185729,138239,195447,63265,0
82606,119525,127622,99749,24158,0
98996,160758,78182,189989,156147,0
141354,95697,106954,141794,169248,0
157324,133195,102821,104197,123242,1
77250,99965,90465,198678,37301,0
62945,178961,50723,88422,57614,0
15330,132917,165829,145639,27700,0
6297,127924,172640,6259,174427,0
20752,36115,171113,120505,114307,0
37985,79499,100750,59968,193957,0
124438,144889,132549,43996,199798,0
192199,161426,6415,111244,179830,1
79032,56910,48166,133332,112347,0
118740,102757,170768,80091,28086,0
87628,123249,35471,174335,35807,0
147372,29493,172499,187598,52168,0
139040,27208,30264,73389,154804,0
19426,126837,101931,98365,77804,0
62416,37707,158657,43437,37209,0
124365,148560,10187,148022,190861,0
12786,153603,15479,180943,65372,0
146764,81330,188887,55872,149715,0
84333,179952,32569,117237,175093,0
28228,26654,64161,170717,182714,0
19837,127041,168607,150272,167534,0
90994,104302,86891,155029,134396,0
81159,41933,63484,111864,130495,0
73144,69109,190381,152650,34525,0
22770,49959,164220,91324,128247,0
195103,143365,129920,43176,101907,1
185332,55394,113086,208,46581,1
196968,96820,8833,136740,57554,1
117646,50885,104043,165238,153190,0
127276,157879,82856,164646,22409,0
95127,175788,137657,120838,44033,0
191864,142311,12309,184195,2868,1
174856,23681,193896,22074,139132,1
92232,106813,10487,55498,185689,0
94923,156857,67841,136910,96235,0
147654,31907,119061,127240,91541,0
114441,99420,36441,84314,144841,0
80481,196057,78207,19461,79071,0
77907,70138,35977,64773,195978,0
60560,88818,122301,146982,16812,0
73030,42645,29908,195310,116058,0
23542,197892,53833,39262,49991,0
193393,62199,2879,9456,180022,1
7051,22494,32247,42012,68833,0
87845,147358,2813,126368,30503,0
178387,108555,27786,187473,79488,1
3299,154453,158986,16853,9032,0
90077,104800,17632,108906,137933,0
22168,152868,22148,187978,11698,0
62705,75216,61938,7342,20975,0
190762,175415,127546,57249,12085,1
45252,97486,132601,89187,144604,0
15596,116456,161051,79469,190705,0
162455,39503,25334,197066,18904,1
175823,198353,111502,165438,186284,1
61695,99340,102526,154100,110296,0
77223,18723,134877,182918,139413,0
109605,89472,162044,11617,126840,0
148100,70607,156250,39162,112994,0
11019,106553,135162,5233,2530,0
4921,72714,148442,173488,17844,0
76772,158306,149542,103275,188137,0
170960,154265,38012,46246,169757,1
34924,128145,59494,46683,174117,0
71419,39486,78593,98930,16471,0
171180,124661,79200,134919,164793,1
163234,92871,55578,130606,132751,1
45578,175213,71768,182068,199834,0
56382,37775,21055,182500,162652,0
24534,144342,193837,82060,23217,0
11052,37118,159123,181541,187134,0
125680,6841,43790,123400,130321,0
135342,131606,193721,145648,161659,0
11961,134943,141632,197070,150260,0
36810,15284,110679,189090,85611,0
130388,128751,196433,104879,109528,0
11818,27097,79264,131244,70484,0
905,153916,105645,117243,183463,0
189304,1279,36437,138131,84353,1
7119,107360,164542,21010,158410,0
188059,17925,177068,18591,53247,1
73315,60633,28000,132440,5220,0
107954,95535,6000,191938,108073,0
114869,90302,163422,103867,197933,0
140987,103736,95625,138924,48634,0
159077,192976,123865,92043,90858,1
28248,90954,66543,169333,172621,0
84086,77458,71514,46119,62386,0
73258,23976,102706,24671,27774,0
22894,32980,106467,98539,71025,0
74685,154825,80121,145249,15871,0
134220,32858,173044,190509,43318,0
61568,14802,23561,26397,190316,0
133898,148399,173001,33843,78132,0
46934,113073,63499,159724,148396,0
31680,187916,9144,139987,119188,0
53753,4827,113265,49725,187235,0
141591,36980,118302,54016,78811,0
117908,160706,56158,55769,153661,0
81924,35178,46822,60651,54079,0
69724,93628,192043,96799,87038,0
186779,140323,172777,5167,152476,1
20608,67425,71268,51868,33397,0
36197,105935,18324,197068,3414,0
60053,105180,146536,135602,196111,0
133101,46791,137694,166369,105648,0
12982,63723,56358,164194,32999,0
186354,8873,79212,13829,165399,1
161050,174443,23833,178621,192849,1
61061,140791,92397,100308,18207,0
110458,26866,15638,155751,97861,0
139043,29944,182702,159665,174618,0
9838,40648,143724,34740,178961,0
27709,182402,68617,48332,10117,0
175798,16079,130472,102993,180728,1
195460,82786,55308,19397,188301,1
5169,154274,63894,113059,29203,0
22816,110381,124970,74376,174670,0
144702,45234,188075,29643,192676,0
11980,183469,86682,3328,6969,0
17114,34689,55644,33248,14621,0
56254,79425,181885,21569,75270,0
124781,188763,154505,77389,157557,0
115696,148239,111241,74122,143264,0
170784,58348,98259,2989,79288,1
49577,8511,127473,43492,186876,0
116790,165847,29553,77648,43825,0
158955,184121,156332,67331,138225,1
146819,35243,157366,94231,140060,0
52984,74893,20033,160092,170857,0
192243,79529,120588,56088,183763,1
180912,13730,162541,94666,112337,1
9030,131381,128627,152780,132379,0
185618,123180,85059,40678,57169,1
146535,32804,109591,2294,144100,0
64754,73533,91581,179685,115966,0
40576,160173,67357,122367,168951,0
41393,109290,112513,136082,177134,0
5934,146380,54789,197250,91725,0
35480,67420,63739,29090,29685,0
191533,197826,178874,176499,1948,1
151696,162,154984,119689,110890,1
103573,167844,35806,180206,164582,0
131510,20891,167139,10367,27174,0
131791,138813,107147,5686,149852,0
129154,25973,111597,129883,7523,0
82010,100471,52245,162819,44604,0
33483,137477,162458,77694,173516,0
77521,125147,59508,143053,77269,0
191376,77615,138135,52079,135512,1
105121,152792,70477,135776,86991,0
120131,57040,101823,145707,39693,0
102080,751,188556,74535,166594,0
4603,159916,125934,118389,179784,0
64462,155181,117605,20774,5408,0
71328,196200,146621,10789,189268,0
94551,6435,34300,187084,107220,0
27946,70587,119597,96145,193914,0
186078,77653,175475,13593,56619,1
64408,189123,121761,180625,34726,0
35353,50209,107774,66721,88154,0
60992,102832,94358,83141,10293,0
116928,195867,2085,80923,74081,0
50746,144554,131535,115108,47845,0
174196,125128,133856,126236,139981,1
131982,9743,98091,164376,140388,0
81415,193004,93379,66104,74498,0
185462,198763,141697,47904,132340,1
52379,118738,42877,81402,5617,0
83388,61254,108303,73013,62821,0
161642,38560,132530,25521,145383,1
76543,151335,14302,146685,80748,0
10871,99609,111467,46874,174488,0
149714,56940,68728,29144,82734,0
89015,128835,140491,175196,136972,0
187939,186479,6876,107422,33468,1
46066,193376,162891,137723,170735,0
142947,164946,165766,46553,98012,0
36071,190494,145819,107527,135800,0
50954,145689,126566,151305,124469,0
172856,91971,117375,33521,29455,1
16252,78041,117297,146449,175112,0
46692,96015,86537,104562,33804,0
69135,155809,18990,165786,74957,0
152562,51545,46503,39243,137664,1
54570,103434,88716,106827,42518,0
174352,50143,84343,91684,35995,1
26088,20383,122439,104338,24616,0
193776,74957,67315,26534,163753,1
90549,172324,97609,61393,119659,0
26258,145680,194720,100940,136968,0
10768,56055,157003,84091,181568,0
121419,3931,189847,120774,192977,0
60931,47337,38461,149894,3495,0
61750,86805,66588,77024,135997,0
80813,18527,114985,128649,75517,0
13422,78841,36569,48510,173525,0
167764,128987,41418,5131,109009,1
132038,80376,108878,99819,28744,0
43890,57427,92007,53140,182858,0
192122,108145,79021,174210,36381,1
41442,49933,29354,79385,43085,0
54092,145153,140851,121436,141891,0
25174,90246,14169,57927,111482,0
158088,6875,110888,162581,40798,1
87883,76536,190010,175644,176975,0
111767,167173,65730,68528,92514,0
36458,169700,193105,103571,117218,0
85892,114458,128014,104601,71142,0
123841,138782,38593,154051,146971,0
105866,114583,124206,25781,178048,0
48002,59278,32964,55239,169363,0
1338,34148,97400,90109,133778,0
119759,174975,97741,109919,95283,0
197469,35370,92573,38861,164803,1
25689,115782,36307,79696,177606,0
198380,186517,191070,100403,42934,1
196075,67204,82912,194792,99425,1
68563,194498,176804,16976,111612,0
33825,88285,188246,38512,27434,0
139398,196136,108390,26917,9880,0
68599,2686,109803,87553,78746,0
3792,124638,169333,139128,158635,0
63972,139258,165571,79122,160621,0
81841,188415,141058,130251,83391,0
180888,75733,97000,135700,160709,1
102835,51576,123171,40381,155562,0
100971,143902,26868,108605,153677,0
28456,24877,190696,82164,28817,0
63590,147720,195386,59561,131388,0
67732,164662,55519,136900,26287,0
72465,612,197981,47352,9971,0
104659,163388,131401,44504,57750,0
30136,9855,95254,82512,25732,0
145974,90731,171707,40825,24851,0
56191,166163,178759,96822,29474,0
181725,55335,176244,4190,152402,1
92707,134255,64383,43859,5303,0
161642,188648,16335,89085,110114,1
144165,28158,99491,136261,10668,0
174375,143639,161243,183742,133579,1
124376,31562,101441,48296,95210,0
17190,121175,154566,111407,136775,0
22707,45669,89607,83242,190582,0
135489,123904,112514,128997,69114,0
107800,178236,97760,82040,118077,0
148250,24048,149030,178343,80860,0
159316,76585,69596,18289,127266,1
76866,98461,118847,57465,115956,0
154052,101908,27744,51551,19646,1
88727,117917,68126,39093,73546,0
48628,70631,38797,61581,175484,0
163931,66207,108920,73782,67043,1
80872,37695,167354,150831,33057,0
160847,137926,60774,160781,5701,1
192029,117708,152574,162675,132874,1
114763,191474,161977,154662,124751,0
108634,5426,116559,144345,105898,0
22111,23775,65675,10022,90700,0
69535,184098,80068,138689,1542,0
161560,54558,52381,98092,119058,1
26319,76696,109418,89419,102141,0
79644,38640,38859,69676,43544,0
157697,181040,147159,119875,36619,1
93811,148214,136841,62237,5628,0
131652,147004,113290,844,169460,0
69583,75785,28474,18996,68886,0
178044,18832,3561,185947,98867,1
5218,189173,90738,144075,4558,0
43562,26975,86435,174814,78813,0
114607,157426,168645,57942,180238,0
111163,110224,199042,135291,92562,0
150337,158026,11718,163673,74324,1
193823,158390,35956,53293,62769,1
150157,50976,131450,55814,162619,1
69126,85638,137153,196815,164447,0
29669,185875,109106,95658,185147,0
156189,181116,189837,27826,46607,1
183466,190672,59393,63288,55855,1
121444,144719,72455,12990,52297,0
8120,124313,41191,25941,99183,0
28972,11989,79285,54552,59899,0
177819,7026,88049,189073,164283,1
89745,143163,194171,151853,47023,0
45963,93477,34922,25782,181679,0
20460,20719,93606,161019,3284,0
122200,156632,52107,145558,11546,0
48330,97314,136838,44414,106484,0
125605,53581,177540,90760,160542,0
55518,97618,158461,164325,134283,0
115193,46407,73314,114232,118347,0
3393,104884,133777,11615,93888,0
146093,18550,21866,132808,42844,0
38295,198286,199089,5986,137773,0
302,53863,27591,134126,70704,0
139307,178868,77084,23341,95964,0
115428,9305,85832,76969,16426,0
5299,85268,51726,143616,79093,0
117641,88558,4821,155693,178680,0
189632,129831,6087,187995,70668,1
135421,11845,61615,69407,16111,0
14833,46363,150489,38994,106882,0
147691,16148,68300,44987,158950,0
153773,86853,188965,119869,91659,1
158915,44079,26632,70431,20462,1
14281,29379,46000,152184,30007,0
184325,65121,166275,128071,902,1
41517,81922,173180,185579,182270,0
138562,159316,32031,177016,33965,0
3368,64448,116715,160325,142115,0
84421,44077,4118,43111,65344,0
15363,171526,127457,122692,26173,0
137745,30232,162520,110905,101513,0
120127,139327,164831,111806,195566,0
88702,33027,140801,60210,113985,0
49902,175063,147301,190163,174428,0
94679,159649,194691,177283,78550,0
171461,19200,172286,100496,184888,1
89892,97151,132425,140753,20892,0
44904,97928,9062,197385,91716,0
197649,144493,29310,170046,114367,1
127690,41859,197281,51650,21371,0
132236,198772,113445,11324,97565,0
148333,100540,153996,115529,42274,0
175217,151377,29009,110037,144841,1
79954,20246,32564,180932,105623,0
177470,136976,99636,187205,165900,1
124648,162101,70389,5274,53296,0
89864,142806,195145,128513,25641,0
6986,82791,36796,185769,194197,0
98691,189292,168487,96400,114800,0
108540,79756,73859,9531,9716,0
49513,121405,63221,96974,141623,0
37418,179029,119038,4995,58914,0
179172,98490,137515,89766,72429,1
124270,127168,145279,88994,83253,0
10377,129971,12195,142157,176149,0
195954,163796,55241,164851,1637,1
92737,38445,168513,141256,33048,0
94716,113397,147624,16362,40740,0
41028,77738,110067,61340,105120,0
196773,100640,126354,69029,168870,1
75910,47370,125310,2990,34730,0
63859,87676,89723,185271,27878,0
170410,77487,159129,47956,110424,1
181709,16040,96809,48316,102276,1
24711,82870,158921,157468,24955,0
71457,194903,91931,105211,199290,0
58036,192094,176703,131421,31158,0
99501,85645,77270,148957,131385,0
132321,23976,19826,80360,189520,0
42004,9143,135714,7246,175010,0
181316,21797,129773,31414,108789,1
139726,68471,87768,181624,140120,0
60856,100267,152496,29511,110941,0
96217,187153,116722,68280,163394,0
96570,112576,142915,40331,115770,0
169352,31668,162335,166965,111285,1
131930,4948,42401,167844,155490,0
101903,185213,113250,153443,160400,0
840,197949,149059,170137,177369,0
69366,77735,14001,186408,179599,0
29438,18111,155846,138690,93177,0
146969,185833,30519,74539,150234,0
13990,31681,65217,104618,15082,0
18284,19636,142910,179869,145768,0
109854,32473,4213,37767,39954,0
124416,155877,140421,23484,89251,0
121900,142781,114656,58650,17122,0
70428,51758,130324,16837,1014,0
99023,47951,109264,21883,129207,0
142939,22263,120458,61744,169905,0
154160,61167,77840,16676,160199,1
50848,38221,94034,144667,61630,0
146768,111851,173339,199648,104924,0
62498,52362,176221,49089,126367,0
7972,132112,87128,127436,199373,0
153701,81501,165342,182565,47421,1
8930,155709,50688,29216,106512,0
156790,158399,58868,45660,175461,1
21209,90502,49366,26976,88819,0
17249,101811,168606,148772,159743,0
102503,18756,40015,180960,169645,0
102926,47012,93779,78152,77233,0
17622,29533,69762,30089,144611,0
103216,172390,41855,77257,76250,0
118945,70743,123602,11798,93583,0
182896,29647,41012,91437,131821,1
176358,179946,16454,155314,177614,1
131881,50465,194391,103626,176259,0
130734,100462,51432,82733,113031,0
45252,51732,133097,64549,124872,0
89803,97810,116328,57011,181525,0
83834,42484,130682,56521,102884,0
160273,91405,26210,138860,15046,1
106887,43717,162473,101315,136170,0
34871,61478,124890,71768,178368,0
38649,123940,30750,176122,176162,0
29034,14132,3325,133505,169177,0
191525,168024,49144,64492,19981,1
199422,111976,117240,40303,191552,1
143812,46328,24543,80996,103081,0
65461,135506,43968,162144,6258,0
186005,180433,130810,175130,102100,1
7894,105672,80800,166709,29402,0
78333,110245,186029,67936,162572,0
149775,143306,122292,176601,116083,0
4477,15695,86504,157677,24102,0
180116,96172,103873,114265,64897,1
85812,102045,9078,68158,19549,0
103992,92497,118514,136673,36670,0
16127,69264,149837,88909,169580,0
180618,174686,171634,11568,46841,1
188469,141502,122258,92115,184717,1
77098,124292,114939,189273,10018,0
191489,142354,85731,40469,190559,1
126556,68781,68966,133404,60007,0
20352,55305,127064,185759,14119,0
121833,90789,117972,134311,190861,0
133631,11104,159112,153943,6915,0
29345,105337,176579,170317,175305,0
187883,177693,27513,183468,65367,1
104111,9946,25180,106497,149016,0
123108,163595,102546,198801,139705,0
99601,148236,147840,17935,146872,0
74929,77721,164078,25894,71630,0
92484,73247,52384,112576,171094,0
118058,94896,80365,195355,84159,0
87676,143739,1761,171398,184186,0
193517,47438,91392,57517,129577,1
58878,197827,157331,161029,78358,0
3766,107318,44114,178285,153344,0
128525,19880,54140,175241,192485,0
15700,93963,97691,86057,496,0
94372,19343,114845,61546,102292,0
131652,119706,101388,94807,39875,0
59782,6385,234,96075,94376,0
165097,86458,44182,46944,106297,1
183824,5643,192149,63408,195954,1
173428,7844,179031,18729,159409,1
154590,77562,182733,80584,171843,1
66002,146567,132872,85260,138121,0
158310,61392,143738,187045,161544,1
158592,81987,58068,38117,174962,1
174049,171339,22554,146639,49786,1
140327,89702,82342,191858,122027,0
12911,101520,154442,59763,113441,0
128454,39860,166911,21648,84145,0
88919,74685,90338,22542,124316,0
199037,122668,179955,139939,187636,1
67113,46852,122833,124121,85430,0
7760,36483,4683,15964,139188,0
149194,11351,170308,131885,46049,0
177377,145015,61220,9069,75378,1
187240,155746,197921,140309,170730,1
17735,62902,120703,50228,62021,0
85757,55638,194995,7986,147852,0
65058,70710,192077,35302,63063,0
70021,92552,55772,69441,71620,0
35171,68048,123968,13289,100449,0
51944,151828,171974,50610,97564,0
55149,8095,167714,6763,156526,0
71077,183505,193253,141117,107012,0
23504,150076,193603,2533,89346,0
40178,37520,51275,60909,96750,0
65366,183652,125020,123397,177137,0
180707,88455,23617,6022,173920,1
34888,63905,162909,94583,29180,0
169179,57886,9175,128116,172755,1
186569,122658,177821,147508,56316,1
96956,62187,29299,18915,134677,0
145038,153986,22734,66903,175189,0
48246,182953,12568,115344,53811,0
54477,70827,11234,45605,188272,0
13064,134430,4748,72337,163670,0
92792,54026,170569,138177,52891,0
88915,131105,107563,119466,159075,0
190487,42594,33768,2650,140027,1
191521,1117,88804,151389,22487,1
25022,2526,109092,24675,143137,0
134559,199892,73389,63273,23983,0
108184,7979,36590,144007,124835,0
58194,88110,196642,142639,197465,0
61932,26384,158349,20976,14560,0
178549,55066,199109,50710,64748,1
47450,193255,40026,46456,147394,0
171545,58256,6630,9268,69877,1
112298,147,169503,187223,75417,0
14673,182771,22233,128948,174227,0
138187,197456,45219,90155,138002,0
163035,107481,55231,72351,1590,1
42355,189426,167321,49689,33453,0
145161,110788,189272,178976,33097,0
24807,122226,24978,162982,95650,0
149010,95766,116556,137721,29887,0
6549,162433,149411,92133,25657,0
79868,91617,27777,48846,189768,0
190386,40766,145976,58099,24165,1
157685,107816,29492,121779,138970,1
115213,160651,116957,134197,140037,0
196819,32665,33915,46674,134354,1
136624,141771,9095,180161,56979,0
80178,3844,52895,62184,198409,0
100881,103926,186045,102830,100601,0
71043,195905,149986,95063,21071,0
145102,112905,51633,34583,194536,0
85226,122724,126515,11585,38857,0
139763,24106,74401,183655,191218,0
34977,196253,91172,129942,148924,0
11064,76826,81992,93063,66606,0
35104,177719,105487,28419,73525,0
72473,35216,70805,117638,63185,0
1952,162460,8464,91755,147311,0
158938,51077,84941,81556,145698,1
127737,54113,107436,119773,145397,0
100478,170332,119968,114663,130716,0
87567,109458,20399,9624,53904,0
34489,28715,76129,166457,93718,0
192447,11068,91558,96920,137401,1
32219,150437,153618,92216,23945,0
165476,171971,99511,29044,147803,1
152142,97122,119850,57284,87325,1
64619,129545,67510,89907,60776,0
31832,8942,165523,9944,64776,0
107728,111501,183585,149889,32002,0
156715,193017,134384,35935,169101,1
26748,35970,25109,63304,182413,0
141720,80287,126392,36736,72236,0
109,171677,104335,19397,110229,0
164991,81558,138291,133289,173162,1
174578,29507,66422,114494,116028,1
49168,182942,145226,93028,79979,0
140905,56982,102949,15776,30821,0
90915,116196,14614,45163,26534,0
47644,94372,16972,160480,156408,0
199071,1844,164902,87691,26774,1
35139,107770,64553,194599,111933,0
50941,159784,134034,165105,90858,0
18235,28671,133131,100034,45590,0
92909,31947,97250,135701,47621,0
119734,110842,61018,37321,76569,0
181524,160274,129434,87632,190775,1
125733,4180,180720,36930,94465,0
31691,15503,150944,32891,186649,0
49355,104643,25219,8795,30630,0
16295,44267,194796,126033,95831,0
128261,8454,191940,61896,174604,0
40327,25391,193805,89482,25133,0
44809,168556,115723,176171,185922,0
43455,134074,117370,171965,145793,0
54572,142040,106867,166638,117704,0
142607,145899,151052,91221,91914,0
59817,20207,147014,156094,136096,0
133559,95121,165432,55355,19141,0
28646,31618,182709,134347,32205,0
178762,66111,2185,75830,77441,1
134502,71213,133689,20010,156044,0
142032,57091,50575,60396,188939,0
121001,184519,26379,41134,141412,0
128110,180021,92936,29995,150316,0
11138,80437,53888,54577,33111,0
59723,191350,7817,31093,183868,0
188754,93848,14976,133161,79944,1
19965,161974,24310,57417,48805,0
32228,40737,125044,141052,99784,0
39926,36624,197190,118751,55621,0
12422,25748,166911,104826,192626,0
175333,57175,53545,107370,82556,1
181339,32962,176348,17076,50798,1
81011,11981,79611,96629,145159,0
78286,66371,195389,172940,10182,0
171777,53203,46316,48504,17351,1
29550,32659,178443,117742,31240,0
57983,131165,87507,74936,86872,0
27182,144682,152339,41119,185972,0
116868,56890,189648,159308,119392,0
41280,87829,89742,147650,130442,0
170859,198610,7286,58697,143572,1
112630,14782,177278,76581,96805,0
93788,119849,54985,3090,50217,0
185521,128250,101549,85549,71573,1
196974,29288,24953,194840,33579,1
9280,40319,77317,28270,28408,0
189332,33968,158565,181071,49754,1
144389,92935,55475,116613,77912,0
70766,88516,17740,182906,50636,0
8843,196712,80348,191459,117020,0
86078,51466,128690,81866,11091,0
159803,17186,68566,77420,186474,1
112403,43770,40173,24458,150922,0
155433,135009,180150,162333,124001,1
20556,78621,197573,28349,74558,0
168400,46872,65976,159304,81120,1
35279,83490,37908,46744,153991,0
125035,951,129458,58578,194289,0
98511,122424,163812,118694,176111,0
8117,145863,66522,73519,147961,0
163751,158853,24713,157376,112184,1
55699,134205,186312,67994,89305,0
29898,132263,57521,161983,103228,0
22971,40811,49390,99458,120770,0
170530,32388,34740,143040,12466,1
93746,18734,82792,22390,193419,0
76084,6413,54294,55003,62720,0
142525,151984,30877,191548,125319,0
69084,154767,14829,183778,9176,0
30299,20277,101398,116621,139712,0
76020,97864,126277,47072,51254,0
170136,76845,190521,175200,10735,1
137342,115347,176800,40149,131144,0
183427,98585,195266,124003,144234,1
154456,83148,100866,195424,163131,1
18401,43355,91535,120183,44428,0
76129,128717,189357,113496,142945,0
39275,3935,41079,65780,68351,0
183756,79519,77440,118153,176186,1
67335,23610,82240,96738,151498,0
121256,122243,128875,80212,11771,0
1054,140186,162849,49966,192242,0
184377,15752,28466,91678,140046,1
29665,163483,172995,21463,62917,0
12171,23870,61814,7699,154626,0
83430,135034,121489,15177,44651,0
128127,156162,161743,99213,4073,0
167841,102548,166622,104638,92489,1
187007,179871,92283,48686,133983,1
30143,90550,64329,2004,5099,0
45640,147174,106316,61057,145471,0
177150,132119,112790,100920,16713,1
67338,102591,93951,85987,59781,0
134496,68942,164883,182467,21138,0
168268,136834,29990,129716,94420,1
177219,168864,71328,37863,71290,1
18080,170009,6599,89999,118186,0
73094,152208,192068,2421,83844,0
104279,8094,28181,26694,105442,0
97489,158729,47203,162965,93720,0
83114,163625,144764,14721,136386,0
194086,157740,180634,177212,96435,1
173065,103030,171978,147815,46053,1
120472,28544,100953,132159,53247,0
196439,56974,5079,90351,195127,1
121233,125244,91737,74912,12377,0
10596,140933,48928,125480,67872,0
34035,153941,114125,68430,184724,0
126925,52417,196132,199602,111422,0
162074,7125,60742,87334,49765,1
53869,96287,149466,29514,5765,0
67754,40809,104808,47756,71389,0
69233,5248,10584,197038,198142,0
81561,170692,50692,165889,38438,0
52143,53784,107821,89285,8658,0
43372,122609,168360,128439,96902,0
192213,180485,66925,138738,83360,1
93347,169416,58562,98963,168384,0
128662,167404,5590,78850,103794,0
130626,57787,178994,171766,60295,0
68122,100476,55205,88477,137294,0
41812,63068,3674,28033,6508,0
5572,26179,4290,159885,20402,0
30467,37697,121696,135265,189786,0
164691,174120,125639,125470,57896,1
98160,2895,139663,29547,69297,0
154661,37427,181887,82455,11967,1
112823,173499,167605,52969,116684,0
115018,85098,36328,32717,199800,0
187381,79971,183745,76233,5390,1
73278,68248,83676,89464,171751,0
68623,182499,85064,81346,126377,0
176889,151391,30743,6948,138295,1
152623,55636,172506,76321,66740,1
29656,24474,90616,20100,156756,0
33165,10817,37315,23355,32985,0
52412,123055,98852,42368,18611,0
170112,132270,97818,153597,87307,1
81430,140619,117334,93747,44187,0
20539,10879,142988,101241,65657,0
132124,177674,124194,50003,7716,0
113755,124816,121277,49761,126091,0
138928,179655,143634,24825,53752,0
6147,10382,151001,139999,77563,0
15977,45004,24660,151405,75233,0
131259,54773,165842,7373,55515,0
36492,141833,28458,129962,4101,0
183322,9500,159554,66919,29277,1
144245,173126,98642,170036,191359,0
47218,64823,60548,94766,27985,0
183161,170397,195034,108349,75758,1
106342,52427,134105,10500,105470,0
15504,6602,52937,199655,60192,0
74657,173336,94296,16741,101899,0
45005,98594,169108,46857,103897,0
5908,39765,106845,84672,146129,0
70869,90262,48971,169567,149409,0
80896,57511,79824,162515,189907,0
125361,196617,424,87042,195589,1
25365,34181,39505,81428,100916,0
76372,86092,177521,67467,158951,0
113220,126976,120620,78598,182870,0
154048,117133,5130,61579,112651,1
131146,35689,133085,47557,37661,0
19151,175650,126198,75808,132816,0
127175,133440,107321,3471,155562,0
119940,146228,141913,123047,110403,0
29250,56114,19161,83394,182062,0
174544,154331,90888,153008,197668,1
60265,96031,190943,73939,120918,0
195585,22328,68389,129517,196610,1
96377,165297,166049,149456,182265,0
139875,39928,171710,75014,55323,0
19229,29309,148648,150378,46363,0
37541,3767,58487,186243,186523,0
139899,118490,149756,118416,99476,0
163915,138203,174383,177439,154752,1
112497,8306,166727,10165,143108,0
172310,110085,69762,70128,142842,1
69278,4901,192022,13687,150230,0
92568,125538,17118,22642,187509,0
84519,188827,45058,112947,21594,0
170865,3002,74990,91387,92921,1
100484,72468,115111,136480,80096,0
106346,92472,55797,141719,194081,0
45755,65682,186588,173351,74083,0
112070,195048,3923,84298,137453,0
68395,174789,119325,40892,84256,0
75518,352,86312,161632,127264,0
149275,188456,80636,127608,16887,0
165922,195279,194803,56242,172198,1
167159,59857,82995,9801,134363,1
124063,138027,35109,141132,112418,0
153140,155862,171713,150888,63028,1
125269,179431,74478,185904,101075,0
55910,74061,51427,118039,7284,0
109881,27613,46076,146983,148521,0
4327,189827,183939,22928,112853,0
94759,138865,117003,131746,112038,0
143883,2094,197246,80499,27269,0
56092,55002,39353,57810,113360,0
60878,187460,31535,87544,141012,0
123369,42709,111530,125485,108159,0
66454,175718,3463,156405,51319,0
33108,132330,14808,88860,24281,0
126759,24918,28431,58994,28411,0
154878,60013,150406,172983,110879,1
149881,106783,87966,58991,175283,0
36552,4429,190348,1350,172338,0
62563,163431,154595,104827,146706,0
130457,166977,129756,56780,80346,0
64283,187482,36615,73706,99502,0
45842,148220,27834,50608,36963,0
166481,144564,114676,173300,163232,1
97340,92680,193318,124234,82716,0
61156,161664,38998,101596,35158,0
135809,111236,193957,158890,177640,0
129427,126262,174266,181682,75843,0
36731,44603,129846,158723,157010,0
70965,94367,35576,168061,126603,0
118561,30040,23188,122517,73734,0
73638,546,100941,93788,79342,0
162763,113765,172963,51594,94392,1
129301,57274,97666,172141,72963,0
116050,18915,13930,151193,121206,0
58134,134904,123539,174575,60084,0
98796,82496,35109,35743,86830,0
188571,184615,148653,154017,69090,1
118174,193029,38673,64913,37451,0
12520,184365,149385,72744,175149,0
133307,11685,157978,104347,15551,0
24727,120724,189444,148444,1997,0
161798,134147,150753,3596,74224,1
126816,160415,48310,143256,63066,0
129112,36183,198830,102664,71014,0
19022,183972,108861,102454,35891,0
63372,129968,26645,61447,8928,0
60049,12407,145111,193304,123086,0
113712,176194,1667,141768,199441,0
66342,18268,94052,136931,9743,0
148972,51756,66917,71331,162625,0
14942,91681,9090,184593,16293,0
65631,41797,62934,40207,163391,0
187170,141359,24426,195668,124157,1
119237,17323,191814,140671,191115,0
58112,86612,51350,53070,98848,0
118791,10122,96105,26140,173632,0
6026,130222,170750,191728,151550,0
195844,111602,191023,134625,86076,1
95013,191965,189434,59011,197224,0
54325,63547,15617,158723,137207,0
19283,103296,1619,38041,108369,0
40229,8342,98225,155205,38794,0
195843,43739,173828,159553,169594,1
161737,157666,7135,117996,113746,1
64232,24741,39978,31160,113629,0
63337,37541,144765,60326,158700,0
57833,136601,58458,100167,121017,0
34478,50808,171580,168215,66944,0
194799,136158,1616,123303,157381,1
165367,70700,190957,177320,103810,1
180587,118366,23582,98695,48492,1
147732,126103,106,24045,117079,1
7050,66067,151204,40894,158858,0
116823,175902,182701,47609,134457,0
192126,152189,184257,65433,74363,1
63446,45097,159364,186372,91518,0
49611,8915,194602,115395,146226,0
37145,148094,66227,85851,160619,0
59636,35585,185610,47698,148955,0
23090,137201,32775,65494,110325,0
178252,154810,85117,38738,37511,1
193264,162922,90894,134308,77484,1
109890,116952,185469,167727,135356,0
162565,174280,172427,178450,125127,1
123811,41499,117040,87424,2054,0
150465,109657,4806,62838,196234,1
96174,103945,107486,149156,172124,0
198659,159032,189446,119791,2458,1
137074,102471,143313,123524,102658,0
107387,198043,25329,138027,68791,0
198815,129657,93927,22803,55328,1
21024,63679,194724,7250,152638,0
110954,187531,115678,181638,91286,0
24046,23751,95960,152375,134507,0
27316,20854,117963,44113,105875,0
148619,171169,91232,2014,113268,0
139197,150222,25545,4601,83539,0
141114,196024,65236,69060,67748,0
25594,184676,157317,38610,27957,0
140523,147534,178762,36090,10371,0
48016,101831,58853,193542,140671,0
124516,179134,179285,73196,24942,0
10410,184346,58981,99278,85622,0
104400,66634,120532,35890,184606,0
74682,75072,45491,128193,70075,0
68447,110898,22923,56180,174573,0
27438,77394,43811,164131,28344,0
80315,1900,22455,194014,10140,0
143603,63031,4353,116549,189803,0
31596,15721,121164,12718,141228,0
4787,94667,111154,26833,72691,0
181862,105134,18898,106847,103892,1
174696,76026,147504,163451,1933,1
134737,71357,181483,72127,29081,0
189957,102629,167336,34107,159936,1
197222,80490,168035,3624,80092,1
60902,101377,80351,133902,180373,0
37460,89063,34732,148841,23896,0
171758,97008,111682,157489,172998,1
119688,171160,40628,55807,178537,0
168199,75500,90587,157912,19163,1
134881,166636,28709,118968,105864,0
33449,168868,49593,109407,174083,0
8596,173897,52319,175397,173167,0
55646,17700,120748,177150,48618,0
112204,157191,41608,13308,143854,0
129155,18796,180802,94242,199161,0
138322,174999,77741,154800,90445,0
178404,34839,92010,62975,136748,1
25664,120470,72836,184008,175968,0
102446,184241,47158,185025,104065,0
47903,95024,48788,170538,49592,0
168583,180681,31082,14129,80453,1
57515,122669,44227,152036,17472,0
119685,12007,152651,196060,66749,0
114729,152151,108925,27959,98351,0
192772,78182,178102,1776,182558,1
4253,74476,44180,97588,123164,0
148317,35435,193827,83856,113186,0
132203,52663,42265,100834,23577,0
71994,179934,6147,40034,139239,0
92629,125048,137450,62395,99885,0
134788,130979,98322,89242,85251,0
161108,172037,53734,163860,68721,1
189154,50989,34725,133537,76829,1
14129,87609,112466,185507,89621,0
37179,190398,150671,5998,79060,0
81381,157050,191897,8058,170854,0
117214,2676,28361,80920,149580,0
186691,136143,31989,35180,40468,1
36814,176265,119940,77200,187415,0
75411,84261,20638,3177,13545,0
72571,97478,102090,67668,22220,0
73851,62735,119304,186507,52503,0
129615,61333,9876,160179,41721,0
150782,137851,148467,101616,34165,1
130717,153683,32483,29520,174444,0
183729,425,183011,32511,168164,1
49025,131818,28552,57724,179361,0
82048,199755,121420,99557,42465,0
61798,166581,179807,171834,100515,0
168273,189433,32836,82487,136651,1
181706,138845,175706,112496,198673,1
92823,53873,138414,156218,34,0
91516,136844,23405,48152,87181,0
3608,8653,150054,49261,168435,0
179839,64468,36377,191494,159664,1
338,54103,70163,188730,68693,0
107798,71521,75566,7015,172594,0
178618,125080,154850,113644,18112,1
105813,27164,36047,3079,25073,0
199763,105116,149703,183350,113239,1
12076,102726,199090,88525,154467,0
130112,79339,15587,130638,138224,0
65232,120660,126275,122861,112249,0
116074,154838,168421,47446,45466,0
3916,74746,151876,115180,171076,0
77974,155053,176627,146239,106143,0
133554,126439,196592,91213,7905,0
60717,79153,180647,190262,140146,0
69662,92438,125496,196957,137711,0
35588,49943,134237,112244,178385,0
43996,189521,146082,34308,125254,0
33584,1284,144664,136063,116646,0
18965,127696,46890,109399,171694,0
83890,196691,170029,24635,71280,0
161367,148492,31278,1829,161270,1
149652,189659,86091,179638,95857,0
192341,8989,161071,189322,52764,1
111246,70481,102938,197120,174424,0
114757,127779,160099,5919,168200,0
75380,127140,75821,130952,125193,0
77763,32850,148535,4808,187178,0
131744,44119,165944,120721,25881,0
159882,136730,6313,172718,117358,1
75771,156889,156536,43336,170892,0
90988,60516,18450,185225,8822,0
64137,139407,133367,87774,75204,0
51088,112731,21108,29303,61524,0
8764,139793,82506,130965,185808,0
18423,10915,108159,63602,144716,0
143918,170826,150514,117542,169677,0
147217,129755,159004,177704,4026,0
7763,193703,17364,187688,123608,0
141135,31103,136069,102283,184853,0
71388,177692,197132,8774,121106,0
131716,153924,71912,34270,55865,0
98533,55011,31348,93092,17064,0
119956,41324,93103,30921,95793,0
109801,117033,125887,46317,6693,0
50631,164626,164537,88713,147778,0
176214,32295,102674,93715,50658,1
82754,96552,53970,154783,151086,0
149413,188054,149538,61690,71086,0
18325,124061,137203,47607,64534,0
61534,68910,27455,168577,28854,0
112916,14699,142684,102962,149641,0
38077,142172,70147,52031,90139,0
37588,183867,181071,68905,175276,0
99934,165083,136485,122922,90020,0
70210,107150,196632,176631,91070,0
78223,189129,188437,63933,124607,0
145504,176930,60616,189004,149261,0
156278,83065,134047,125065,62414,1
198270,91958,136398,106713,85936,1
159025,98994,181846,168762,69566,1
132316,162558,50923,114166,162451,0
136378,148713,160436,190583,42405,0
72403,39033,115963,62575,159792,0
10529,69093,149445,198904,27946,0
106234,113218,79668,196353,95437,0
10118,144479,136815,138128,174692,0
80777,195304,90551,47134,32331,0
78793,96132,86864,120357,23024,0
51056,171601,74464,5141,156623,0
127870,168948,16651,80393,124309,0
84908,161438,175248,94817,135833,0
129653,37865,192395,177726,146820,0
150137,167029,18095,189572,171520,1
71632,100035,128706,172140,178418,0
20869,74290,62012,21456,138547,0
194185,37360,27483,77082,49648,1
58250,11734,104754,10041,53328,0
98256,78842,40501,171459,62358,0
164210,137370,76734,41855,144032,1
155448,111409,42130,70629,165043,1
12561,145502,83847,66709,68190,0
173884,115860,20945,21675,124874,1
172950,5650,107502,73504,185615,1
44054,9885,77498,35812,121191,0
123082,3194,32600,199867,175207,0
113120,139502,64019,58600,126647,0
156445,162720,87832,25744,175965,1
110658,150852,98830,103382,114878,0
60477,183015,57671,165190,78387,0
27802,124075,2472,183303,80689,0
198792,122313,132166,139658,111883,1
38769,133944,106848,88966,70295,0
31445,179015,128284,129385,21452,0
124792,19134,197203,64916,127951,0
152932,167103,81126,31427,189591,1
93986,190078,178625,138374,78116,0
107706,8160,105625,2141,16543,0
190496,115068,37455,173053,75077,1
60457,107671,151911,151676,79796,0
101548,28912,172022,12317,45865,0
12977,108450,122113,39107,63466,0
199523,114207,159629,179540,182158,1
93164,117757,85618,143489,185658,0
89292,19824,103003,13303,95206,0
134452,88644,72896,72541,184813,0
69503,154913,119188,170815,31112,0
75941,155661,46279,91857,2515,0
198301,101421,154454,97314,158981,1
62818,62653,3119,1869,78360,0
55805,159571,122519,138902,29167,0
15307,22077,186707,179782,159859,0
112478,85070,148885,142336,53628,0
97363,150588,59560,73013,65290,0
25048,82348,98615,127846,188422,0
152786,80715,10156,34173,19074,1
198963,158752,116353,195887,18123,1
88789,105674,193668,182440,112231,0
33615,125905,75041,86567,45392,0
92841,83659,177237,2944,177918,0
27559,126144,23609,79598,2091,0
71246,31239,179008,81896,138594,0
10276,131959,63107,34161,149502,0
149897,113883,58658,25319,112201,0
123449,72678,105142,180312,71316,0
49930,147391,30654,34439,72449,0
95761,134146,50265,148782,180690,0
66726,187354,29809,30359,56486,0
114459,146540,173605,184213,111439,0
198568,168018,13761,151944,162874,1
116423,65606,69799,188049,80707,0
150265,102566,80088,41705,147984,1
46665,88894,26443,138817,83258,0
133062,232,106910,45493,22248,0
86502,62722,156643,76628,157749,0
86194,3168,168079,75885,126014,0
61323,184036,32593,116212,125970,0
106713,89870,73628,134814,157189,0
45931,146798,178123,13906,6543,0
112645,12774,44232,50756,93056,0
11702,48079,199127,45647,163840,0
40942,178256,183621,1674,15736,0
127264,61336,177207,146605,62683,0
133273,112945,13493,41435,11348,0
34743,163496,142889,152048,107850,0
122708,40620,6609,80962,132795,0
163819,199236,157090,192634,46464,1
68829,81501,61541,1259,156984,0
180651,62770,57962,59096,183014,1
118486,60249,107802,72521,2415,0
112434,167770,178213,55754,34973,0
186788,50292,111658,82453,100582,1
170217,10388,64268,189846,186206,1
164100,21409,110310,27473,111115,1
186840,137835,138366,68213,183741,1
132174,168618,169065,199537,109522,0
129988,19936,75045,80192,56713,0
41121,103963,90989,182599,77226,0
181478,189288,179286,84356,171536,1
41642,42270,27129,29488,140210,0
152925,140582,67427,89325,111046,1
69619,197562,178970,108019,158340,0
52191,116896,69310,121435,189897,0
38360,157430,189187,64535,169680,0
91147,91265,22105,22289,113855,0
62305,18753,117279,163290,16092,0
14105,183633,62437,52399,166547,0
143557,151095,173896,30267,59644,0
118385,84027,14502,8031,49243,0
71485,87183,140027,54273,173240,0
122378,149858,155264,127498,38190,0
162013,14370,8863,26560,94005,1
108301,190105,16081,95417,139145,0
45008,158867,176320,99256,48562,0
14757,68812,58393,108929,96172,0
140109,16533,197855,76040,85933,0
20408,186162,17238,95911,158603,0
34903,120382,195896,69209,54530,0
155935,199810,34036,13893,161868,1
16313,94608,7448,97560,65791,0
30138,43597,12665,151581,180903,0
54824,45262,131495,7998,38573,0
127862,114650,53709,179156,156182,0
117866,20206,135888,175569,54688,0
128911,193047,34877,89739,76637,0
163982,78022,33408,71379,63354,1
185796,68390,104057,107595,46333,1
111028,141193,5984,80556,36689,0
99749,54889,93332,39535,138761,0
159805,28890,181051,15881,37421,1
142379,155883,25197,109081,64747,0
31734,166554,169100,156858,28140,0
64365,7160,178856,154745,102918,0
153348,94214,17545,109310,63747,1
141346,138377,177784,15540,39696,0
153411,66713,146301,40816,38924,1
76621,30604,23998,181634,138582,0
70901,82884,56943,162277,3455,0
81690,117504,124756,9978,41349,0
195568,15053,154421,136822,148737,1
14466,147053,190563,106789,115898,0
53429,134022,140273,191770,27470,0
178259,41866,47133,35498,42236,1
16759,187545,44378,126509,102946,0
136142,118950,146014,99153,22002,0
106648,42077,93641,100803,23472,0
151111,176839,157725,73874,21376,1
168555,27534,33644,95584,179718,1
59806,171496,50570,128024,195477,0
56476,175961,144729,175212,20396,0
34113,86361,27856,183678,22854,0
97847,78595,199967,175026,163526,0
4995,139654,148508,47544,171803,0
29621,91829,46404,85369,28931,0
6562,39647,10592,143646,198977,0
148300,135772,172499,151467,152529,0
47991,99959,67286,183434,102766,0
139167,15920,4499,18884,141840,0
121077,129108,43740,137207,117084,0
147734,125016,190363,128504,136492,0
25481,121611,173929,85369,24822,0
145216,94685,142042,198958,69846,0
16459,81609,187811,163479,180077,0
27463,93885,168670,185264,39758,0
137727,140718,20815,95731,6149,0
133201,113573,87456,138146,137952,0
21571,35407,135492,160427,90323,0
44685,54196,2521,51789,101640,0
53165,96782,72932,93090,110679,0
146392,120660,40470,158973,100467,0
130530,112688,103219,88029,88469,0
42860,144811,183931,137254,92291,0
65303,91952,391,74609,47408,0
36919,56897,50276,131592,174267,0
13124,81621,23161,125193,86688,0
59242,27274,153982,68167,49516,0
85224,98069,30808,58753,81802,0
137390,154020,17577,118026,81228,0
191792,47943,68116,78284,125395,1
12495,15635,88481,64783,124732,0
184148,129923,23406,199779,42144,1
104890,178194,93107,163388,112912,0
1085,187005,147173,92690,153923,0
154769,150694,162454,122473,147194,1
89395,24782,172067,177494,153169,0
82053,179159,153774,31238,169302,0
141671,147327,22240,53798,167068,0
163507,155739,15136,96693,66,1
126150,92443,91096,100540,63290,0
147733,182982,75549,48186,77401,0
139356,36217,50531,94895,158774,0
14851,104550,138197,79852,195454,0
70564,195000,55456,157788,46585,0
109909,170495,22150,89995,64466,0
25582,10916,39062,49730,136050,0
189103,193453,73981,89724,68465,1
109064,103439,12101,55597,25270,0
57061,101281,41902,83465,87034,0
159364,108861,31751,124480,144590,1
27279,106622,108780,94681,85943,0
64661,105803,89641,168372,82760,0
58693,6014,8385,47768,180639,0
194913,157918,122081,56750,38029,1
182861,194100,120897,47154,148971,1
78043,85677,154242,95944,99628,0
161389,87807,67821,66038,105703,1
7131,179750,97277,42041,7795,0
160784,83937,125904,199876,176155,1
146857,109121,43440,99148,177230,0
116445,7590,45318,91173,150921,0
44415,54308,42373,173381,35121,0
186894,24892,150829,178200,192629,1
61540,2958,8518,83053,37562,0
165746,163447,34945,149386,41559,1
29379,135874,124962,49732,170665,0
17633,118845,115372,87723,30883,0
86683,47555,170334,142468,63690,0
155946,86224,41279,174601,172985,1
87759,20210,37153,100221,173272,0
159309,133372,5517,44792,196437,1
26865,80619,168082,16155,89312,0
58345,177389,147960,71000,85590,0
70893,98529,113912,10480,167335,0
13695,172439,53766,80999,73740,0
105059,129477,44353,115875,33244,0
90914,162248,147140,171938,183268,0
143257,162319,49113,59827,48928,0
118769,6628,151476,22856,60421,0
58973,115584,56782,130799,17078,0
31337,119555,147244,92565,184232,0
7833,41341,114254,122998,98405,0
192948,193946,8434,172324,98850,1
56668,73843,60317,104567,187719,0
35253,38572,159142,169334,27326,0
150222,23939,192545,135946,51933,1
196833,180528,8320,120195,122284,1
174576,45969,15958,3186,9860,1
47843,10879,5972,5827,175118,0
16537,78426,27687,89036,128729,0
73539,79793,33693,14200,32067,0
193915,102136,26903,165108,128743,1
91164,191305,44578,50300,53200,0
108886,173989,120798,32974,86271,0
19247,179299,69860,57460,102019,0
9151,147750,133528,185577,156814,0
69969,26553,29248,7837,139454,0
122427,7752,89366,133442,172956,0
150302,126653,159738,73878,140956,1
68265,157361,176985,77246,7015,0
178705,190693,59973,23976,2520,1
50440,198688,152420,130085,165407,0
199398,41799,76422,197021,150467,1
81150,159521,164247,158557,136168,0
182449,57561,26303,127112,164025,1
33694,3033,161993,8978,36341,0
132260,5145,181745,14618,128810,0
24971,61298,188306,4883,72964,0
76164,37429,26649,714,82954,0
140521,900,163115,62099,92250,0
190864,137861,127102,110757,72378,1
151572,112771,41677,6375,78506,1
178265,27481,196428,178612,7319,1
191810,197070,32753,20892,67423,1
32047,49972,24218,147860,180348,0
191904,87157,23032,152542,174926,1
196618,2666,101493,87115,125716,1
76516,161526,167411,61892,140756,0
131246,163203,102276,24209,151235,0
123205,58930,157746,186239,67488,0
49664,1998,198180,190517,20979,0
77930,111814,189875,14165,93587,0
61295,150916,56209,25313,181922,0
7890,82684,151354,26455,138381,0
8501,108029,87740,100732,36571,0
138677,112398,171762,69324,85776,0
119845,20727,85573,18074,1239,0
66033,96536,143364,159496,178871,0
94067,148067,88640,118410,132260,0
71914,92710,164716,138528,41926,0
271,85693,9267,133774,12461,0
90280,75039,95561,76263,103194,0
111777,78102,124017,198845,198292,0
164623,34503,17613,5830,7853,1
125968,77715,153161,142495,79870,0
16682,137715,32299,2246,194243,0
110373,156466,117619,156369,189930,0
13014,61495,100090,10851,51844,0
136006,186378,170243,31260,194806,0
15985,164903,20069,74328,196457,0
73293,104417,18574,121643,126348,0
631,192291,161523,103314,30644,0
183293,3581,197708,131248,65712,1
143669,170937,75670,71955,7951,0
99047,123497,171800,36395,64086,0
132851,104945,75768,34074,72435,0
94346,83157,9609,52452,62624,0
30465,132372,168418,171797,159135,0
31518,147384,95740,47809,80350,0
110543,19838,175985,137456,18502,0
166411,182161,124753,155728,195875,1
189528,152759,60382,179045,121238,1
62295,92819,125560,8143,187844,0
146624,71603,195321,42233,155610,0
115164,91450,120755,22633,78377,0
81404,172069,21017,3488,1392,0
110782,32416,131330,12425,28369,0
112460,4830,22006,8916,26988,0
106344,41391,96326,93988,141502,0
49485,150352,109442,67622,36632,0
165685,184733,138748,86108,180546,1
137340,18054,53628,20308,13349,0
44064,125720,118401,169160,131296,0
1957,188682,82376,73165,110239,0
188401,48635,111445,117969,51475,1
18468,189429,11552,84515,117487,0
127141,163360,178361,108292,183057,0
182194,72853,82703,172406,556,1
167866,84933,99348,80448,166667,1
60039,165082,28801,71131,32921,0
43135,69502,109893,187169,22288,0
157315,47324,115,139818,192103,1
43583,158432,194129,56711,129621,0
43709,61553,169641,85972,60277,0
61767,36845,193896,192980,51618,0
151495,161868,196180,8659,60713,1
34555,128086,92371,22991,14048,0
168328,178820,97866,170409,182945,1
65490,60553,48495,129408,7025,0
55876,188198,84582,133872,131301,0
150805,183058,162563,54598,127279,1
134442,170048,183087,81982,136111,0
52482,81564,148058,198632,1440,0
160468,86471,194497,32645,153953,1
192529,103853,179532,86553,71172,1
186039,172291,188812,118889,103811,1
112176,76141,107305,27950,50809,0
48347,149717,2680,60325,44559,0
180680,167570,75965,122225,166982,1
189885,180698,109266,183563,130464,1
154024,155936,170775,59470,47975,1
70622,99949,35633,79283,8478,0
37873,153702,75552,181926,46876,0
16043,27344,121064,78501,97628,0
168230,164501,186770,125424,161583,1
51333,27534,24342,177514,16423,0
80269,131100,151441,11448,3691,0
21134,161416,89558,13325,196508,0
176593,96194,14700,3341,116693,1
153325,190078,100361,119825,133093,1
102011,18806,184198,55187,121791,0
136774,19778,82658,143670,50392,0
102323,2586,98264,18859,90254,0
45627,14001,132446,43918,78964,0
132409,14780,194751,98091,58108,0
50645,176511,41638,96477,2407,0
164293,181585,134593,47299,115062,1
97494,136286,27314,110917,41957,0
100481,124638,2194,157826,154862,0
23944,191152,14669,121296,124802,0
187892,191122,18869,53833,178466,1
80721,185011,168426,173574,31682,0
1124,179209,61860,39650,56321,0
188893,70863,25825,120928,33085,1
26254,15675,79881,151498,68838,0
18527,26968,113117,148708,22968,0
5476,38200,3077,41487,127649,0
164362,126279,54711,62357,133517,1
177622,67234,50438,97616,62293,1
48706,150610,32401,36774,68748,0
73453,103649,139939,124767,32671,0
33930,53197,82115,58483,108264,0
141885,173168,127744,160323,40952,0
7845,50404,13206,122787,154706,0
28259,116298,1253,45381,27900,0
36686,116274,1285,132162,9821,0
67149,87945,7407,182957,49957,0
144594,114818,124074,142269,4499,0
104536,142722,14635,105291,72473,0
22858,139339,68743,105783,192428,0
94015,7051,111884,188432,64932,0
176352,70553,158411,68332,150432,1
99535,29350,103862,135018,63737,0
107973,4544,44280,199729,165031,0
87066,6221,122708,15385,159493,0
37557,179924,98122,80391,108426,0
132428,94414,17673,100632,99775,0
82339,188721,114319,122278,124003,0
2838,137666,52623,135978,116442,0
146819,91996,158498,58935,107403,0
194461,122289,177859,28580,173207,1
109017,98436,129557,17775,10895,0
149835,64563,198305,124506,151969,0
172805,73675,106003,46523,124800,1
113747,139236,190474,119497,28205,0
115493,127496,25780,77301,105355,0
49411,143131,50733,160720,145594,0
174899,174990,9958,194242,30504,1
36432,116847,186268,85967,30549,0
61813,81808,125667,89076,79478,0
176395,142362,176530,171581,56186,1
27836,35753,149439,120232,37462,0
41274,160187,133849,108878,142889,0
93509,40602,128831,164203,56074,0
190115,36679,162248,136900,172364,1
71286,10516,61887,191310,35801,0
39414,183644,83153,119101,143408,0
12611,160122,79449,189177,108546,0
143160,9892,61755,157214,170492,0
140072,105798,119766,51183,24595,0
81952,99844,41725,103938,22263,0
21642,26138,185676,113515,132962,0
165362,154949,129393,11250,185769,1
24315,127593,142047,78043,166487,0
181601,134928,145397,100281,46105,1
114102,139866,52016,47623,122274,0
39122,59385,12097,156473,89424,0
19421,165153,387,7995,99360,0
10224,26013,145761,87325,67871,0
108962,179954,151274,54728,17480,0
72936,32675,1673,97442,184212,0
137916,90557,177041,163540,113334,0
8640,174709,127626,194958,87070,0
69778,174755,191890,141432,143118,0
26503,150517,21734,73496,28222,0
114087,64721,159258,448,182549,0
190843,16500,71056,37118,29289,1
3741,138669,160361,104465,162830,0
2276,35265,33444,10274,111552,0
145182,132573,134091,99221,193707,0
169824,119574,39619,84464,31694,1
19692,44261,123424,13635,116183,0
101781,115609,95851,186123,185146,0
125236,116448,49411,78040,86444,0
169664,151210,10542,130136,36316,1
155342,3823,109681,94548,90150,1
117129,180953,162894,23709,175181,0
120391,127371,184663,198619,117404,0
68017,76437,187900,15935,18758,0
71967,53901,151890,90348,59347,0
88326,151314,21729,22315,110847,0
52151,16104,146326,67235,8355,0
97943,110714,41290,95948,157786,0
127776,57262,123046,97261,162824,0
55240,62830,109290,122362,131393,0
97426,120816,129844,175428,187048,0
17800,38363,85372,143917,33853,0
68301,33395,75831,4142,158622,0
130664,42734,49062,62992,174053,0
9732,69795,144873,80188,54995,0
105120,68190,151821,51366,120728,0
19219,158779,118997,79478,140980,0
152431,120262,138822,167872,99840,1
76881,101462,11795,180225,116729,0
128380,136126,150968,117046,99064,0
134441,141893,122787,145208,33491,0
157154,129849,91409,144670,39697,1
148707,60098,59291,155335,174703,0
62606,155415,175627,180318,180851,0
177675,139768,130908,48269,84555,1
43784,198431,143161,76206,113121,0
184247,119664,67662,164827,185867,1
100367,138100,37590,112639,162868,0
106081,126818,90467,113204,74098,0
42104,100309,50309,154665,103728,0
82983,188223,63268,111475,175040,0
85211,118242,130267,197503,38796,0
43286,58202,95318,32154,12073,0
169765,179135,127207,4400,55688,1
89856,135589,96063,194972,124214,0
114965,78817,145901,180501,121226,0
147969,127310,90787,35396,169097,0
123181,182773,73240,155730,90221,0
83263,20335,80809,54278,132242,0
110598,92194,119917,50706,151949,0
31788,75578,149809,96440,159801,0
143597,87989,95228,158902,34047,0
140784,130719,72577,132823,12531,0
85702,55042,120257,97974,182626,0
163782,132852,187229,126382,187156,1
129537,183293,82707,9581,114552,0
197455,123086,54669,177810,195791,1
191941,38100,176044,67768,102037,1
139407,181909,92658,138296,181215,0
96613,129634,28794,159435,157501,0
125565,122116,180362,24761,38561,0
76441,138481,136177,152627,115869,0
90482,79678,95097,10218,39436,0
21113,65164,128965,10149,31399,0
198077,168789,192232,153703,88865,1
172174,184264,11209,26926,160771,1
78865,106081,137752,9001,36668,0
155115,48836,154272,71358,43860,1
71495,141901,139259,153182,184198,0
1326,15751,195544,127200,4593,0
196085,12045,51628,112821,151838,1
49836,72923,64769,146917,74691,0
57624,50665,11358,73878,1019,0
30818,116470,54565,138777,62761,0
186587,182199,56007,50519,10647,1
195507,14212,56283,85410,61796,1
116158,184824,177916,171106,117453,0
113963,132151,9310,109594,128108,0
100268,191665,121647,35539,198879,0
165701,81758,29576,183566,31144,1
120580,175707,113428,72599,162359,0
37039,111391,150297,168703,36980,0
70160,95011,173039,91967,11141,0
39477,95082,90713,48924,77126,0
193427,108680,57804,45529,101299,1
34082,144102,179721,92848,161604,0
159535,154156,64687,113105,73835,1
114999,130018,19805,88783,53203,0
130944,81228,103393,931,190037,0
17645,157493,147450,91053,62094,0
96044,42765,116356,1892,132774,0
186612,35313,109547,29933,83242,1
159113,6961,79728,171866,151333,1
75728,71511,168328,189984,131883,0
174152,189798,4091,88717,112978,1
15789,147225,32166,86674,94954,0
124687,195627,112147,67961,12947,0
1484,186529,13587,98978,91278,0
33197,163466,94977,189802,180035,0
187106,136120,114608,99136,94206,1
26970,183002,70981,164715,66839,0
148511,94991,122278,184620,161666,0
32339,181542,193501,108932,67237,0
145041,171703,13558,36389,92672,0
165097,92319,48449,187351,111357,1
55946,64921,88612,135428,164249,0
77131,162705,80506,171836,29317,0
87692,118391,189183,186836,65307,0
187398,3989,194418,120764,193608,1
195230,177482,155811,117161,97209,1
148757,62488,114142,142016,156187,0
156525,35379,14815,26718,189816,1
87702,26623,176261,187149,144176,0
87740,56612,51422,136269,96806,0
82750,124230,157954,55776,81300,0
42971,141253,115412,5773,168344,0
65785,196183,58258,19348,10656,0
36956,154550,190736,109814,76137,0
183867,190590,42051,138839,77362,1
146893,58571,66567,83560,88792,0
156434,45514,131593,179169,106069,1
68115,114667,67870,21759,13003,0
125621,34418,97795,119227,86352,0
189965,52810,129010,177785,133421,1
73142,118010,185301,25924,52842,0
6003,153689,36712,122205,53841,0
107021,130968,20813,140968,150982,0
93432,189908,66742,22865,72928,0
46584,92152,72822,86522,131119,0
131083,6071,101634,58448,169529,0
3711,12585,78283,60307,142703,0
35827,153770,163021,168842,75702,0
26268,197151,169,52609,89724,0
105449,145905,46356,162535,147577,0
145590,164539,65197,61395,135740,0
150020,130808,117509,54099,182537,1
160436,18832,187833,176444,107137,1
96904,50250,102888,33335,100903,0
9248,126898,132010,159962,75822,0
145136,6123,144051,42790,117092,0
725,96939,156561,141233,158094,0
95075,130837,163461,32563,67113,0
111763,132606,84071,108022,132552,0
27749,140658,175514,129110,107226,0
128844,6552,84357,92413,111946,0
21901,105223,199768,197663,36929,0
113888,50716,122748,193489,62032,0
196037,94139,52233,149517,184798,1
68729,78671,54318,11393,165538,0
52696,186479,186884,178204,90069,0
63693,145322,37415,43070,7233,0
36319,175932,41574,167524,136658,0
2087,111577,100418,15938,147906,0
154531,115112,58868,199020,154709,1
122206,35233,49674,182963,185684,0
119711,98082,140756,47207,159786,0
149821,49070,74727,103429,138920,0
114127,110488,115345,114260,195228,0
180878,132964,57199,138768,46949,1
57394,126517,167054,35224,149022,0
27381,136019,66768,70709,127308,0
79322,46973,158615,15816,66602,0
65505,197835,38826,28817,375,0
139166,44671,48860,4166,32859,0
158503,185665,86330,83583,84064,1
89676,132135,13699,76761,146335,0
75823,129536,52915,189734,95835,0
118821,76531,6454,37886,31944,0
10111,156126,151312,8246,102448,0
39533,26898,34144,56254,195526,0
131905,116326,113622,100182,111367,0
101299,171375,174597,98274,39650,0
28628,143078,181774,78940,47000,0
143941,111989,44505,126806,6916,0
46791,137183,172731,172139,22509,0
7598,81633,20625,146551,120189,0
144196,107989,143188,137738,124350,0
56742,66696,160989,184089,106010,0
3177,56757,194540,41624,148967,0
107080,21436,49560,64148,89598,0
147397,9949,196112,179017,146117,0
116048,23681,65207,76049,73197,0
46812,106955,47505,119618,6827,0
108913,27361,73164,138276,153545,0
141287,68909,198170,137254,25354,0
58128,195354,190901,123244,35642,0
87751,113578,79800,82704,37416,0
13594,44820,8582,25830,25330,0
60629,130535,88455,176638,149576,0
185530,177373,115010,108947,95521,1
123294,58960,74946,18104,78545,0
1439,8532,4680,125917,93610,0
48858,146271,102362,2098,97463,0
168680,159440,75258,12300,146250,1
78551,60224,105321,103548,171995,0
122643,406,132072,101275,15568,0
162777,159117,171797,188786,174111,1
125749,194307,131149,12053,159585,0
43403,199310,111235,16546,93518,0
120812,172709,15459,55385,24628,0
154794,13509,190934,181871,62566,1
164549,179435,155338,141503,82775,1
12665,98921,155836,37491,46003,0
52803,20066,191465,154787,182277,0
65448,80429,130003,142789,142563,0
148869,132299,132313,186440,48321,0
38626,145678,189115,110904,82556,0
128243,66550,77710,155484,136533,0
192834,129430,189300,99780,172746,1
87390,18523,135743,148916,45481,0
18774,75075,36365,36560,175895,0
69712,149271,113619,75962,187135,0
184946,43373,19061,151237,64748,1
64600,88433,116485,197669,186060,0
132097,22395,46603,172949,65670,0
164093,10880,308,48677,126426,1
108156,170589,128677,140370,130145,0
40233,73299,113196,59365,45915,0
67328,17047,37891,108740,190701,0
71588,196126,108477,168241,37123,0
123012,5364,61929,165693,41385,0
162590,3443,97576,41012,172324,1
19063,93108,122388,187615,141550,0
62937,115284,15875,25780,145060,0
82263,93450,42915,93922,174847,0
136077,148155,52573,50832,197529,0
195239,14613,46069,45497,134305,1
1764,157479,111477,70649,166414,0
107612,144365,120056,50299,108845,0
162994,193890,177893,93953,183255,1
32211,117815,134619,129050,73268,0
187354,65599,11295,154553,36951,1
109183,42711,171103,31484,127858,0
180634,75108,62863,21931,146320,1
5848,170903,118119,31458,2202,0
173578,150017,80937,42238,197591,1
167194,39204,88533,147485,188922,1
87175,198683,182056,829,177755,0
118041,168296,147220,117603,139255,0
115351,68554,69419,170138,106287,0
61593,23531,169218,7481,16994,0
22044,121357,56978,93596,182545,0
11995,9778,66798,127144,23851,0
75668,89800,173533,100137,64529,0
144781,121523,170096,89343,84481,0
8769,32961,48585,66631,45394,0
104710,152458,146777,125354,473,0
150398,74273,50348,50794,185606,1
56495,71730,121200,139599,119730,0
26590,152788,181373,72538,141221,0
83991,89135,48241,27473,153389,0
159161,46154,185129,116929,186168,1
123705,99012,63043,82687,4857,0
99058,155158,36503,88172,158633,0
86659,44383,9428,173962,190360,0
82353,142248,173618,107266,59709,0
48082,91489,31388,50609,39518,0
40344,123460,82985,160264,127498,0
141212,4693,3896,186337,179735,0
149563,118680,149432,93366,15783,0
127957,6835,57982,49469,33101,0
1153,80224,146044,183251,83617,0
50594,52172,139695,114429,185958,0
39491,182977,173960,72951,176444,0
1704,136683,36760,124449,128135,0
66049,146247,101926,77116,101518,0
136791,3681,27536,198613,171884,0
68748,173456,8290,199967,117369,0
22036,103798,181029,50769,102420,0
35504,34242,44039,163197,188610,0
133077,11205,68630,12703,68057,0
103522,89593,180799,108235,118332,0
30634,164611,51079,68884,131741,0
46161,54820,74453,187273,38473,0
71852,71626,178197,162771,82566,0
118159,69101,49867,198704,156521,0
76779,169762,89122,91138,21187,0
80431,128439,101742,103840,181093,0
125741,109292,87960,125151,188450,0
119291,184018,121083,120559,151756,0
196453,109313,155273,171779,184677,1
132382,18061,180048,45187,141259,0
132047,45613,52733,97929,77334,0
90945,156206,52558,164528,96689,0
83759,20744,70333,149741,69269,0
115970,3635,136093,168413,115881,0
71721,145086,188553,74244,35779,0
42752,146060,126223,168413,107376,0
171615,154739,22349,89491,194720,1
72713,65253,69978,130784,5441,0
84312,33904,80496,122805,151153,0
91910,164393,141890,10731,152685,0
187182,64099,23163,2832,121706,1
199748,160128,142285,7094,163177,1
134944,145962,133872,183567,1368,0
24799,135773,105746,167059,183940,0
41016,46943,195111,62620,56282,0
38263,44161,16400,101616,134624,0
33608,35578,73274,59425,195281,0
6228,131848,169975,160350,14932,0
191339,13150,157941,149179,26030,1
106996,117693,121108,9103,57118,0
7697,192749,63984,50222,184325,0
66534,179401,167122,52446,87794,0
45508,103495,179545,176361,61266,0
147546,185868,90273,5618,199160,0
869,100829,17800,15425,109941,0
79227,38425,109844,145996,127381,0
113304,147162,104821,190237,167776,0
162745,177007,34910,91471,23950,1
102428,20697,47538,24064,171446,0
134576,109712,128616,159065,162328,0
119902,97303,100515,34958,140942,0
190876,128644,138009,173634,36929,1
138396,129917,157641,93588,79274,0
155100,79576,98432,128041,180134,1
64353,100378,155108,130041,167169,0
69008,49772,196568,106558,65698,0
5588,146262,52928,29322,38980,0
99298,115245,129232,58978,183237,0
198099,64257,14663,27445,166563,1
49407,178880,145711,11863,110035,0
84466,88977,31434,78754,101733,0
120724,159342,54448,193392,47124,0
161522,184508,55053,118783,5660,1
66517,169633,110302,52830,196158,0
109447,132348,156644,43032,90893,0
95516,182317,106940,132471,68547,0
175916,99446,151391,14509,189997,1
78306,10244,165558,144921,55460,0
140652,166239,7165,127842,177520,0
30761,168304,26312,96234,94438,0
3399,51959,52083,2538,172891,0
13908,117715,51301,152902,136501,0
47895,140431,55483,197701,88893,0
50234,131406,114391,145611,47256,0
131108,31818,14185,40584,40899,0
187922,129042,189522,88474,199934,1
183363,39401,113742,76974,104812,1
176131,25782,67763,49748,150583,1
19314,2723,165569,157990,164066,0
1787,147800,112342,50880,151565,0
31402,105298,88636,63579,37719,0
85954,81907,40424,21029,134545,0
50412,154153,53376,119594,124986,0
142324,135012,148663,2732,195571,0
189730,198680,35750,59159,62432,1
176693,69430,136773,104763,110126,1
150969,115488,72747,7210,121951,1
191099,13896,93620,157192,81551,1
173724,84523,171697,6810,139733,1
146689,68261,56998,166909,147433,0
196529,1611,188990,191161,9729,1
114301,79411,22775,95506,10696,0
71514,133436,24631,89467,169762,0
21346,18159,191369,81850,86612,0
133428,121812,21457,134381,30755,0
98579,182384,13548,4149,169967,0
120453,167024,117989,29278,167914,0
125422,152153,81580,85658,130349,0
129713,94699,112359,67321,20182,0
182533,56844,50032,46280,165849,1
175091,84243,189093,167861,92786,1
61602,143490,186206,99102,143466,0
194924,79094,145741,69066,56099,1
125847,79676,185319,186510,180950,0
159915,135449,55061,161339,125034,1
177663,67697,16503,148589,35234,1
173275,27349,51490,99347,172195,1
193601,181148,110341,179875,99250,1
103719,132725,123984,40792,97970,0
129375,16819,84532,122328,107707,0
71374,184512,127144,145791,184883,0
100116,173096,4916,171508,138140,0
32879,12192,141564,175582,173085,0
96245,129485,182738,68208,138556,0
97654,38889,173905,132036,166684,0
65469,182212,192350,120672,44865,0
40265,28606,49018,144968,119650,0
192741,37109,18705,125845,110423,1
21993,157558,154894,6128,139888,0
82561,178774,192458,60007,155585,0
191501,101986,80053,1176,174905,1
196441,115686,68141,33399,65562,1
138155,195111,42759,191323,59587,0
107616,59497,17631,161178,180227,0
191319,64697,72428,183527,178009,1
166460,43673,36347,8976,130025,1
61672,150648,179134,73597,66889,0
151747,81700,32164,66003,144307,1
31666,161878,101557,21525,1785,0
171814,119763,116240,141779,118940,1
199657,187911,165875,139020,23559,1
72925,160478,165039,116500,186890,0
44347,81230,188868,26476,13516,0
193571,117319,52221,82193,133393,1
83495,77987,144617,15421,44969,0
176187,8072,125291,77870,55053,1
83223,138445,163808,135123,163456,0
113511,65857,126482,179221,43468,0
186493,91090,42094,114529,149246,1
1533,185847,25771,96453,98623,0
82258,81008,7459,113370,124503,0
57839,47799,120882,144954,51301,0
18101,52060,25278,150223,96184,0
185519,178137,34275,9712,145466,1
91031,157443,149721,73297,189401,0
44414,73013,117651,40947,164892,0
38857,176330,46478,132176,97954,0
93519,98071,12239,72711,68875,0
91349,59968,49234,169087,27276,0
132328,161707,3270,118573,85510,0
177588,169596,154279,26869,24798,1
7723,115729,69280,34313,58389,0
198752,189991,188041,144239,80045,1
100349,58469,81549,62248,184067,0
166208,20815,115041,51157,126627,1
102539,86665,159596,4160,118593,0
158700,98698,150932,137601,40649,1
148790,187650,57045,180083,58834,0
152478,160283,170732,80129,160348,1
71961,70373,184598,55160,83949,0
181014,105816,50010,1883,184479,1
156388,67467,18282,197678,86988,1
24983,80816,149740,40481,29734,0
190560,18826,71855,155016,164355,1
199774,185762,185930,149095,57850,1
111859,161850,70261,81315,48977,0
153188,147606,33826,86515,54140,1
136645,85516,185271,147856,145384,0
122948,52520,144028,179559,195780,0
163915,185916,19485,197320,138570,1
195281,147725,98666,163292,189299,1
19281,109770,175090,15005,87978,0
50899,194232,181433,5543,76204,0
138941,177268,54828,72170,120121,0
80668,84263,26907,14001,189251,0
27738,127553,114131,92652,83362,0
36545,35704,115773,130702,181232,0
18232,13802,130940,49987,43820,0
94461,199176,49829,177030,40682,0
176483,49651,123476,98850,2668,1
186093,95107,72983,82490,33774,1
3944,165513,158085,67660,182202,0
118743,112962,87875,91805,183460,0
2992,149803,112312,148003,176781,0
11195,32879,117015,101616,191157,0
96368,145291,43939,45644,63852,0
114736,116698,114122,4149,55713,0
186198,146372,162871,10117,47053,1
191459,45166,169530,4095,91950,1
60426,122796,144000,33963,190878,0
91935,138503,85892,34572,74380,0
146497,60529,112760,176869,34927,0
109371,191113,182087,149982,73671,0
118295,172542,146299,55084,101556,0
19910,54052,170911,195477,135164,0
120459,184128,11175,38182,199708,0
178249,43586,171796,61866,199122,1
42644,46140,36788,110442,35270,0
84289,61397,109124,148013,114882,0
196519,121137,64177,22128,168847,1
11459,164846,32890,165286,184586,0
83662,22278,160680,41939,123993,0
105255,123745,44747,148685,58587,0
102113,80780,192937,198539,27313,0
147424,53431,165695,161894,11850,0
96813,78659,108244,97276,66392,0
86434,89903,32989,155944,163742,0
79534,21588,67559,181923,79375,0
167946,174738,196601,82511,179489,1
150369,59553,194962,95631,73365,1
3821,158868,49403,68131,65951,0
140128,111630,195639,40580,41425,0
117939,130065,150186,98587,128340,0
83896,2623,121916,32645,94863,0
62595,15576,68754,78491,180537,0
162421,52744,35608,116581,36806,1
113054,159384,195196,14416,130984,0
100838,9871,145361,89638,108191,0
163153,30996,111639,80075,112343,1
73983,68609,104605,67827,37009,0
41405,122666,52970,136592,24591,0
126884,184700,23322,145415,14480,0
110946,196771,53452,119245,169718,0
52833,157871,110112,13842,83471,0
180681,117250,198521,127608,2501,1
164830,8226,171607,191694,127424,1
131813,56868,187449,162597,141191,0
111976,164643,165454,51309,62813,0
199996,4453,128224,743,71086,1
122278,13074,128036,104746,24661,0
131429,54952,104831,95028,67048,0
63556,53056,104491,105537,106522,0
175346,188105,85916,2272,108498,1
5428,170097,93038,66509,100151,0
121803,137324,177141,159020,154657,0
172048,113632,168339,195000,90526,1
59492,91951,24193,100424,22406,0
99587,192013,3856,116664,2359,0
78619,4537,150239,182346,15230,0
3947,140802,75332,185592,87781,0
151252,193091,125984,14092,132573,1
22983,114254,34250,83047,103230,0
26594,149454,87306,48989,6173,0
180991,148004,56098,24099,172722,1
144156,109153,87960,54873,180761,0
118612,134853,171865,168182,94952,0
188550,172428,134716,94644,165153,1
99778,172083,120003,29945,16536,0
157307,67557,164007,107381,157837,1
45782,151795,43259,147211,180878,0
36068,29269,33565,28231,65571,0
92289,49921,30641,120483,179351,0
52287,161505,87224,87021,61771,0
10292,196152,98769,150706,102969,0
58449,144478,148950,39314,17495,0
171204,110720,732,16011,199566,1
186011,176452,52457,17553,83200,1
161844,21955,125159,133397,147633,1
57414,118778,65109,131890,109979,0
119293,1186,51955,121051,68630,0
122869,196661,113092,66602,118299,0
187889,23286,161731,147507,31783,1
77448,68954,61700,100746,145645,0
67170,2258,88859,182359,114578,0
165075,154403,195074,97178,84777,1
193989,7903,172874,9596,147875,1
197236,8382,196019,102534,130998,1
30155,56066,123935,141768,53181,0
157059,61283,170921,164718,117367,1
149242,190590,140458,66865,139602,0
197728,110879,80084,105551,151145,1
159889,14787,71424,51524,163375,1
4558,20537,182028,174232,162835,0
6764,20199,76746,92131,89763,0
32355,180173,151815,96969,42303,0
6028,109836,121660,43331,55094,0
137894,101974,99228,71473,85700,0
85160,152894,66247,199819,153858,0
11435,51670,56390,16536,161561,0
106408,100918,32607,49586,97958,0
32227,104134,79516,93178,57483,0
152748,185543,121043,187370,74413,1
9931,68479,9099,110495,114592,0
3346,93651,165182,113499,178641,0
40237,24313,33269,70772,105918,0
174231,59727,1067,18439,102219,1
129209,49611,31694,180539,137066,0
26632,197933,73014,96394,59354,0
52792,34707,17753,117122,72882,0
190284,149524,130791,57594,194073,1
180153,120652,53296,104844,164804,1
165303,52896,181317,58845,48391,1
103763,70049,104307,189089,63444,0
197693,65458,4095,47752,93857,1
124346,87778,39088,90987,78792,0
183932,131825,149076,100353,55334,1
190907,97752,167616,159489,21923,1
114113,91053,97496,96959,16718,0
105556,46131,179753,194401,124349,0
44236,115014,95923,189531,166319,0
157073,192086,141112,190132,72039,1
136988,17296,40358,26733,56596,0
135902,16946,156404,21927,33531,0
56172,137669,129425,48828,9377,0
73220,129677,190425,90743,108848,0
157437,158057,157711,198093,145475,1
57190,92198,142220,110004,122086,0
166369,93587,67017,142494,106519,1
36699,124092,155486,153451,148950,0
134463,92146,163028,47016,187988,0
73011,83017,134969,124717,20229,0
21933,133896,118071,139141,129778,0
156864,120586,21545,51925,53524,1
98473,150797,117873,138000,10208,0
175447,47218,45108,57765,29657,1
34056,90570,66034,62608,16536,0
81330,36959,16382,172102,61558,0
119670,41458,115883,192171,29595,0
7779,46540,105355,128217,66091,0
6892,124292,75585,194117,91351,0
60791,29491,146401,69477,95614,0
143478,196537,39667,166767,44673,0
62869,67455,95053,183197,174993,0
162875,109204,119425,62843,164317,1
137352,21809,6025,100173,101788,0
78869,199792,164366,120068,155350,0
121985,18101,65707,109595,61875,0
101311,171856,157353,13237,108568,0
110575,174944,161943,25783,66151,0
162003,29003,140303,120452,95769,1
137433,185047,80625,91957,183273,0
18055,54265,194123,76675,62046,0
55118,151543,71514,34988,68473,0
150124,65640,161995,122070,30838,1
29135,18284,23639,128504,82264,0
48594,9995,44396,35654,26266,0
91211,113955,27250,34172,134705,0
173372,178005,71038,42742,194416,1
170351,14685,45327,24481,37564,1
123886,196269,188266,193845,161639,0
101508,36578,130755,101434,153096,0
25721,168662,53690,25510,131282,0
115515,144279,173831,105126,158498,0
191622,3710,8989,154194,155594,1
41996,99123,97181,183225,153139,0
45972,186395,90589,62595,9123,0
181314,119808,183346,119345,114691,1
11661,122360,168151,131175,123139,0
79600,190441,152007,162618,34497,0
36133,185769,37237,102960,131771,0
159292,31696,43107,172387,33535,1
33346,108120,131232,29227,102079,0
112408,160975,36498,85521,101575,0
42992,122618,152019,93448,136548,0
85464,101585,161243,126162,113761,0
18892,126305,116202,102290,141040,0
136706,82118,86098,41084,81116,0
185057,146345,99000,194339,129000,1
12446,95895,179285,57207,96519,0
198521,83680,118606,85205,105205,1
10593,113781,3258,141458,176029,0
45198,65957,83050,78559,169857,0
62173,62704,154546,96586,140280,0
28604,135563,49723,111674,181777,0
77871,156285,79461,161393,142749,0
67925,88043,71763,167090,19919,0
62674,136413,59416,16129,132666,0
105435,135622,61637,166946,78080,0
33879,38401,185950,50814,39484,0
182492,101422,65311,128909,6474,1
58546,161555,89660,42014,176960,0
180920,138139,90136,83540,41975,1
154997,35100,98194,189722,116327,1
35789,81816,198939,102634,155381,0
99561,106061,34012,115412,136448,0
31946,34834,68249,9458,85954,0
129881,164580,90899,78121,137594,0
74878,3588,78221,160701,129968,0
39251,59403,125086,79036,34009,0
85424,199351,198133,619,183577,0
165766,3368,153070,52392,30145,1
90983,182112,28633,4330,97535,0
26485,174431,125944,149380,192967,0
96983,135530,144842,130604,60097,0
114723,84252,134293,140162,175010,0
137293,121574,100615,96918,83705,0
139157,16960,136045,162826,83947,0
12509,27953,2213,150760,33197,0
150350,107867,13884,193758,176524,1
52631,101429,65759,133045,6076,0
144124,66988,87971,100732,141668,0
166743,149080,165517,115164,55204,1
98313,82177,88257,65816,63980,0
63845,85257,44690,82173,119276,0
178461,142200,111109,167823,72724,1
89965,19695,125058,3361,81432,0
93758,136972,77708,73968,122711,0
18921,110706,38516,40587,39429,0
195240,198125,65933,41909,191883,1
148592,133340,74700,127285,168819,0
9831,155581,163526,42729,197560,0
115273,195517,42317,183911,103519,0
102300,189279,192755,58965,131596,0
175168,50139,136091,169737,88532,1
102588,98576,97889,83206,95644,0
39120,174374,44123,187219,7963,0
191920,66706,78623,175328,42699,1
111769,193303,138389,189126,116422,0
20969,36237,78728,175484,37512,0
153766,175124,152659,140005,25737,1
199261,8147,167725,24271,153379,1
169418,175210,75032,127366,23036,1
34222,189443,163504,49724,74031,0
100660,92734,157607,129190,149266,0
52904,123460,35721,120835,13947,0
55102,149314,106164,152576,142528,0
8589,193543,23627,142052,30933,0
13314,79344,192702,153676,160416,0
181234,101001,115421,26872,162102,1
25497,5402,16456,147545,31067,0
38636,110080,97140,124772,42548,0
59376,142454,138539,105778,165594,0
122442,37275,66294,151271,49296,0
104134,9309,66026,41420,81759,0
66934,132691,125705,175708,61851,0
184950,17746,192162,114086,75903,1
145318,25849,115707,93526,88265,0
88955,96967,75177,68542,39474,0
170730,96367,38181,60895,98684,1
161357,160546,124112,130883,87081,1
14605,107174,48914,78367,38282,0
98210,13669,130252,182610,113480,0
164262,14928,8471,122976,86406,1
188406,115756,142798,182863,152320,1
44858,23748,145105,92184,169745,0
129040,198355,11931,146484,17902,0
82122,119681,190660,54136,51633,0
190767,191366,14128,96170,198156,1
125890,31704,56763,716,197340,0
53245,64043,156603,154131,778,0
111171,47869,105716,31430,2428,0
97725,157853,95106,196181,106505,0
22756,121302,63337,6054,135127,0
99935,37258,129586,155403,105322,0
58977,70186,184521,29719,42606,0
68605,3302,191989,140069,20477,0
181866,168572,11122,85073,189280,1
192840,5838,32573,130022,11552,1
53609,107624,172058,153858,191975,0
26239,28359,169821,7140,47305,0
160288,36637,96215,70702,183698,1
158888,101273,197445,59415,92,1
39634,42060,22478,93127,5582,0
92415,94972,51913,152857,33728,0
78049,130436,61367,2213,107787,0
35753,144295,196915,186280,140612,0
198754,77750,6835,116562,101845,1
39928,159441,164780,147892,76481,0
33750,72807,41757,118056,155661,0
25162,187750,116612,188816,43519,0
50793,44138,161547,57473,132044,0
197676,25863,2283,156303,63849,1
135999,21641,114940,118840,40509,0
187785,65519,151132,190006,33806,1
189854,7069,2055,101011,55782,1
50177,100623,143909,34875,44157,0
138626,167667,78629,47650,78355,0
168805,12440,4768,148250,172327,1
151664,188425,168827,140333,88873,1
99369,89295,159486,87305,137213,0
41836,153023,20990,153173,179395,0
78625,80927,69625,153450,26819,0
53390,118135,76411,152261,4464,0
152432,90981,137210,189102,14433,1
1731,134770,93102,21436,2228,0
128130,16051,158039,144481,115295,0
189290,89086,12407,176492,162675,1
182898,167047,157068,182186,157946,1
174070,155243,45774,163103,118753,1
184896,4949,169669,187150,58023,1
87096,193687,109193,195953,43049,0
125006,100177,80349,50341,68878,0
152716,168470,164225,27809,80211,1
79436,84731,120031,178328,30229,0
51437,36963,193770,187486,171494,0
31776,147023,111948,112370,91659,0
55111,83779,195706,38168,130393,0
166753,33396,113029,73148,61360,1
146612,9931,78985,186536,119371,0
185934,132233,18038,148657,174815,1
170462,166910,193357,113533,24714,1
55141,53148,145484,33170,99353,0
179014,692,23937,50506,40951,1
22007,124678,179018,176068,133816,0
172932,140126,27199,164059,187626,1
25349,81366,55930,3463,103380,0
96393,30772,177857,83315,158738,0
163565,50222,147943,154345,125105,1
104058,196457,40127,42194,78282,0
107834,191274,45104,132046,174179,0
143079,46977,125591,65102,32579,0
60761,192682,121564,139978,115318,0
120555,169827,106215,20986,53568,0
182106,125349,33683,47262,161492,1
89483,136634,130333,26967,47243,0
166082,44758,45185,29220,3239,1
149969,59815,26609,34913,187159,0
36579,6461,23425,168402,52154,0
129381,135166,10218,47668,6240,0
65049,80032,122661,94175,18760,0
58881,52610,198042,18802,118199,0
106172,125708,28415,97142,94160,0
88539,173696,99457,179895,123681,0
23562,187238,128655,171890,71643,0
43964,132969,24266,105147,167207,0
6054,70995,179606,187291,101377,0
73141,32768,54557,116469,91003,0
97226,129229,161163,36842,134007,0
17525,133778,137989,107699,26057,0
125269,25420,8246,7359,93246,0
194185,104917,199622,197468,74375,1
170622,40901,161544,123902,89482,1
69179,55065,8099,153240,81396,0
49162,15661,107762,21924,139684,0
145056,150715,150205,152137,170274,0
41980,100371,118090,77588,72491,0
29773,18176,94373,48416,36470,0
98974,175350,134053,143159,178506,0
198534,33062,91926,105635,102910,1
78885,42052,184495,121884,82678,0
69025,85954,22813,60869,149344,0
2859,172820,187488,49704,165312,0
121841,61553,75812,46992,154051,0
127974,68264,149473,109071,58863,0
103543,3479,69838,66958,147519,0
16489,163367,2322,146504,8021,0
174501,19443,123943,185229,111028,1
135652,141318,127951,192552,52877,0
199102,12604,57748,165520,121119,1
124003,37766,83732,124837,41272,0
187196,192393,52210,142944,143042,1
56844,61206,104742,60721,26832,0
67038,91150,93830,62273,165837,0
192959,139077,5977,83867,31593,1
11951,36995,153698,31796,99242,0
70656,68350,182486,149672,176999,0
133690,40061,161144,126177,135395,0
32901,21420,140186,107943,17017,0
141426,174835,137829,183127,92500,0
108495,102372,93023,183078,3127,0
168709,133551,28138,177181,167271,1
118315,29214,176569,80169,45393,0
51912,160149,136466,119896,4099,0
107374,129875,36925,92356,160961,0
95214,88974,92384,23044,151657,0
60302,131936,157318,21506,163297,0
24409,166951,31145,5001,33473,0
139102,161080,15232,146182,110061,0
35617,97476,159321,161934,3636,0
118745,133238,105090,180968,161909,0
184854,106890,170513,82703,107782,1
120390,190139,24356,72322,109203,0
153197,118380,181078,147759,157771,1
93967,26966,51039,186501,72186,0
189371,46295,193096,133603,176437,1
173153,142642,92933,180941,118269,1
5906,74893,163958,113094,38169,0
136438,167826,28931,23529,136555,0
157956,117890,93835,53511,7272,1
110086,65085,108923,99721,189518,0
47421,196860,129401,86023,110025,0
67107,152070,113175,26584,86872,0
32199,183572,165920,67074,29847,0
36252,195514,1654,38385,109461,0
106534,194861,161616,181746,50676,0
163179,19843,17403,125396,115361,1
167673,15840,26413,47736,690,1
20559,20080,27450,120287,981,0
159093,74696,197129,101604,122005,1
112705,96318,187394,176823,27296,0
33484,139740,96281,186075,131154,0
19306,11777,144300,67697,57591,0
97056,193766,43034,16968,137117,0
112484,81590,127486,62420,189736,0
20413,111937,22875,112990,44729,0
4583,142554,125900,37397,55982,0
63974,35779,179281,110466,617,0
26027,179167,170409,53462,199511,0
132647,57309,73771,5696,70873,0
60799,147807,175357,82472,66312,0
89276,138099,65362,77783,112343,0
128126,171961,106466,155076,135493,0
185628,22054,140754,132249,192196,1
139224,2286,10778,139220,121922,0
33105,69379,4021,179199,72595,0
156595,64318,152149,155904,74366,1
132802,28732,137905,199422,91083,0
122129,8441,30234,82858,128547,0
108783,2514,175702,140722,105375,0
82177,3429,23546,194960,115088,0
42533,166500,61061,179789,162627,0
61649,1653,121201,180441,145015,0
17267,29084,93970,93380,131715,0
124262,115349,59238,115122,14086,0
27679,190296,45678,102857,85590,0
32698,46220,55951,33904,161112,0
81774,171176,151583,65088,161076,0
39805,108449,83746,119002,56426,0
169467,20446,103637,91237,110425,1
180011,173217,76254,144191,193376,1
19135,87355,159890,27261,28311,0
43117,72261,74408,81087,145148,0
155096,29317,2494,189173,184584,1
41777,138645,109792,95625,8578,0
34804,79270,52079,180051,71594,0
162448,32979,24159,138086,174288,1
15018,64194,184472,155862,17041,0
176154,122988,128553,25275,107724,1
22904,35304,124582,164232,15665,0
174833,177411,135388,179708,64120,1
136332,65547,175119,53538,111582,0
136166,9182,169346,129548,177659,0
107171,97609,77133,30652,60038,0
66884,83602,54044,141907,125914,0
188123,90878,199656,65144,138629,1
103178,20043,160551,190026,95220,0
26996,178808,22139,24854,94692,0
75376,145483,172048,31567,101366,0
11190,2957,31036,152977,172041,0
141459,32657,56313,51485,86117,0
78944,36293,49183,63678,59806,0
22853,33952,146567,53930,22609,0
17980,178877,183829,138016,151560,0
28313,89382,128334,179515,78131,0
95289,94899,71527,146869,66222,0
24745,107804,131253,136881,197472,0
148925,128179,147722,183752,189077,0
57869,71079,130161,137774,150980,0
27517,184286,82562,17161,139916,0
93160,24589,30489,156710,159359,0
133588,145740,186622,8745,11753,0
62705,51389,81301,22076,175867,0
198341,159856,67269,185290,44258,1
112649,22890,23980,19888,137643,0
132176,19855,8876,157547,1251,0
3889,15138,24425,166455,190637,0
127341,177225,177557,102195,54739,0
3941,102600,43102,180894,177607,0
130589,4672,73075,62363,35082,0
106101,89788,117549,12302,83305,0
58999,106608,134918,86850,76321,0
30930,22140,191491,180617,4821,0
157885,183301,158140,64259,42833,1
146708,87376,44799,88892,193670,0
134080,14457,92742,91758,110044,0
79272,21618,95655,1545,6433,0
81141,148834,18762,153001,10267,0
117319,27920,172434,76036,146457,0
135292,153038,61978,79935,198133,0
178991,50610,167905,4408,175388,1
132353,158508,50205,104894,100145,0
150149,935,75092,197802,72118,1
168168,12688,1118,174147,160570,1
40663,22831,162417,145261,98766,0
20058,123507,157755,33900,42048,0
89966,125639,165098,174715,140830,0
53819,20819,134850,10367,130612,0
42153,123368,119626,176912,119382,0
187462,144925,25443,130623,120763,1
97004,133964,177812,112924,134645,0
4457,107578,141017,71481,129654,0
44906,66525,192978,116416,31283,0
145459,17116,160419,128804,157278,0
72639,121474,88515,10659,190566,0
60062,64860,172934,133020,171007,0
115663,107822,141487,14729,172772,0
56550,26536,114121,55939,123155,0
38723,42755,4038,190948,196556,0
70223,49094,127611,123672,12715,0
113217,190266,30703,139508,46675,0
57744,62762,164871,197636,161488,0
111815,2945,189078,134741,194526,0
143396,102977,72726,179642,48769,0
174140,130355,6288,46732,181658,1
23548,81827,117587,25483,108213,0
158256,107130,83237,14990,138268,1
183957,153920,141031,61669,118996,1
132480,97793,132297,115284,118274,0
165898,100808,184182,983,13409,1
172925,117966,194529,22181,169341,1
90115,181911,69984,127456,67209,0
168465,111136,93305,107477,9518,1
186258,188094,25693,152743,54795,1
56345,120622,109160,15166,164412,0
165395,23277,178680,27957,29605,1
156793,5275,32778,81719,38149,1
67412,118008,111022,53668,82522,0
567,176059,129252,131918,160992,0
105986,20666,153465,123007,129792,0
19746,45470,20888,2653,61291,0
144286,83677,167505,187036,131442,0
166080,184909,105211,274,6453,1
110660,7872,135009,86818,80531,0
190364,193609,161593,54434,37735,1
13398,124609,96036,122684,50163,0
153444,144545,125349,125887,81205,1
163399,197940,159006,54129,119412,1
198680,12322,66566,44000,167933,1
83233,76691,97241,195805,180096,0
172280,44042,44194,20563,140049,1
48014,145489,51245,108361,30982,0
23015,91043,153144,28470,14764,0
32545,195421,155345,67417,45572,0
182483,171508,160338,68790,50844,1
187841,51148,129014,90599,13883,1
110030,167082,118722,57326,71597,0
126978,153703,15589,84348,61378,0
172609,123357,144427,172060,112467,1
69737,25056,163479,9387,68544,0
148932,191568,91956,63116,99113,0
185634,143928,53948,95443,137577,1
27104,63442,44144,132968,136677,0
40478,47556,68959,173708,116896,0
5115,179949,157888,169791,75895,0
182482,65785,39844,182844,93861,1
62734,148407,110203,183807,93930,0
153249,36935,182809,132332,138372,1
69266,5398,36779,38951,177901,0
8205,26936,46515,127139,69353,0
99547,124374,121063,18978,30161,0
61947,69276,122766,191329,55469,0
112996,196289,159211,49661,75564,0
102770,41152,132923,4397,62204,0
112010,106186,135973,48277,84124,0
93288,42910,19515,3862,125539,0
191592,96052,79735,17292,119,1
139457,164316,149189,48221,39077,0
102550,63499,13397,24462,123663,0
18500,82472,164820,181342,60841,0
33090,118429,69619,60259,28655,0
34846,50169,102438,117921,148427,0
151152,175566,156442,27511,152119,1
101317,16418,191265,49314,101879,0
196227,11524,82002,135335,97598,1
195016,36410,174957,94750,100646,1
88782,62531,193854,65496,161476,0
156100,55986,118767,103033,57236,1
97523,69807,149176,58505,52302,0
122150,65936,155582,174903,167623,0
158602,115000,155546,19503,105373,1
152760,80824,139457,124793,173637,1
127608,18428,197972,89690,22953,0
32997,133642,102897,160882,73944,0
41492,142361,106890,165899,94061,0
151195,135471,57385,92449,164900,1
21620,187978,156792,25600,94775,0
30736,115855,149020,193242,66181,0
106817,85477,109953,151451,15926,0
188811,108795,93788,163817,187713,1
54792,44743,136016,95159,172837,0
43815,95896,121776,143326,69764,0
87770,82142,32619,123672,34969,0
23442,194656,154959,66454,31290,0
187156,109971,9512,189757,198003,1
184775,87824,66964,71011,147022,1
136317,71745,23260,195555,92162,0
20600,3838,181578,171681,90160,0
123642,125285,113788,8517,168471,0
92620,18895,190524,110186,192979,0
192963,86100,100651,4636,165634,1
141933,78016,62670,36016,27105,0
197019,35945,30388,155872,184536,1
38310,79782,190407,143298,46382,0
18806,199095,83082,17913,162614,0
38472,147704,85798,29871,141150,0
56893,75889,21804,8145,146462,0
142174,150090,16938,58103,88495,0
100334,194626,3599,142589,166916,0
111408,41450,116365,58688,105542,0
103734,87378,193036,194444,173158,0
46589,132941,162830,136157,42854,0
37955,16223,161488,191549,32602,0
121222,190700,176623,53692,185976,0
103361,15802,196231,78236,2472,0
92122,18340,120957,175359,144226,0
144706,49873,179673,93262,116098,0
48773,50746,40711,132116,67437,0
139657,165254,4872,82671,13377,0
198999,141018,59484,194247,11897,1
2613,103835,33512,144251,55867,0
57091,10795,20471,105742,143209,0
59293,187086,89390,116414,44139,0
75505,163510,65383,105330,196293,0
162428,194242,165513,151880,26867,1
167122,156773,150850,34123,79935,1
112211,16117,126691,120959,36304,0
146064,32482,160643,38931,121872,0
45071,27141,29619,179102,187741,0
183584,41718,106476,198709,988,1
153925,122060,35645,99231,20027,1
35148,173507,1903,61634,188145,0
154470,169913,81171,93088,174050,1
182157,21162,62349,172700,7616,1
81621,87488,29916,40411,84800,0
23813,132421,124266,171771,118013,0
167409,101427,190328,27356,53744,1
109883,113949,187297,52002,18115,0
50136,24915,73732,127854,191139,0
79949,194055,67176,67787,93345,0
108256,137783,45220,144655,30737,0
162935,5325,7884,14515,125894,1
63833,197130,91838,17270,124749,0
137079,44134,151443,54875,7675,0
121018,31674,94318,52099,108511,0
127253,187274,194105,50052,155080,0
146856,85355,92639,181570,117025,0
5586,71257,4506,52470,31299,0
155211,36401,192387,131660,167361,1
114840,641,192937,181891,173241,0
96157,106646,55497,174309,149638,0
105392,9989,179498,132439,91099,0
40080,31674,71607,153802,61720,0
83519,189355,91348,57562,66803,0
128399,34303,125139,144002,83795,0
71733,61837,184069,112530,136732,0
24634,60428,11423,114510,193479,0
115927,25070,130955,90705,91714,0
94310,135871,13458,159033,54147,0
122447,27102,151493,147578,45781,0
183470,147890,174963,73618,137821,1
37653,33071,143673,171056,40192,0
78765,134746,148341,73290,4153,0
94973,24151,3131,72350,40683,0
159753,139439,10476,176797,15045,1
136327,191634,166662,146138,91752,0
72569,22368,80893,148395,178327,0
3652,196723,67098,87777,115770,0
194527,4411,142391,35359,191114,1
179131,137097,177293,29779,151962,1
91758,168108,168808,42840,73850,0
174646,48610,95180,100561,134343,1
78025,125196,123817,44350,155528,0
101852,193155,196762,81892,3635,0
72172,18242,176944,119462,131727,0
86135,190332,124683,98306,163984,0
196220,108652,102977,117419,110500,1
145199,46308,39737,150725,55690,0
123948,193208,148152,66387,51517,0
50076,45803,10999,85208,33147,0
86508,7180,63252,181336,132732,0
197885,67525,73684,162309,71651,1
67984,138167,157289,181318,100464,0
21735,71832,141449,197958,118626,0
159476,4496,145896,22284,107054,1
157515,43235,171845,181315,89446,1
20154,133562,102010,37373,28089,0
21529,21457,145638,97931,105243,0
58658,44829,131730,7777,87558,0
120076,15239,176190,41292,179983,0
114698,52874,38965,45833,52302,0
53373,170403,28482,126182,65872,0
5109,159864,157234,73389,177777,0
194111,46271,83631,198970,108412,1
151822,106425,97367,65303,104796,1
21483,29254,118080,115715,25621,0
20277,135113,82910,24771,169339,0
71888,195885,18143,195011,60914,0
137904,28636,43929,147999,157698,0
130874,73944,154319,260,105309,0
100291,8676,140784,190553,58163,0
47621,186756,49556,51860,51656,0
92736,187902,40155,112287,133269,0
16652,131458,175972,86440,71985,0
43976,12971,18886,40983,26219,0
130206,108009,124187,33018,138575,0
1062,114537,195458,67415,45405,0
113247,73235,55260,109389,134547,0
77313,79721,4139,181975,8377,0
93468,145043,71613,147627,75862,0
97715,192709,155169,144189,197465,0
118931,38997,51315,137747,125521,0
158598,142519,152904,174955,92615,1
108099,59532,143287,127939,32501,0
91195,83365,157877,90897,115088,0
128622,193700,159950,125508,92929,0
160991,133158,178371,129068,110082,1
93798,102310,136554,176929,46775,0
59048,100678,122690,22058,79678,0
75610,181928,86212,5265,164142,0
49412,50400,53879,41097,172986,0
140141,133000,118325,78564,20340,0
122238,142073,133996,148473,50035,0
165571,87478,64088,174187,99208,1
121809,102900,31084,27831,135802,0
32131,130797,185264,178167,91551,0
98307,7491,182065,63957,132609,0
958,61311,150386,195654,120294,0
101879,166276,131708,196387,183316,0
26051,123115,122008,110590,57108,0
5207,178979,80070,56985,61114,0
62779,180464,62681,8066,11416,0
43752,12667,94607,153945,124598,0
158552,176632,122211,13018,115262,1
192290,55973,135550,116768,29504,1
160997,92039,138259,148977,194554,1
38200,109540,53688,197241,60366,0
114312,77572,155146,41753,4299,0
97383,128406,196703,58816,197528,0
130705,48203,2921,94571,65094,0
174110,72841,181048,66149,104464,1
29949,127960,189329,193286,148902,0
4626,168006,28365,23866,16910,0
17976,73166,103211,107325,90245,0
34249,189804,74486,122533,134458,0
21164,192025,101089,102761,40708,0
44217,11175,10874,106233,57660,0
153387,150314,94865,17437,141854,1
47345,102933,169431,163761,145708,0
103470,180828,113384,10641,38246,0
55332,67645,99544,35059,145525,0
117652,92519,72439,14671,51288,0
114289,8087,39036,92112,57594,0
13568,17960,73946,168063,196917,0
13106,35474,103807,53693,64843,0
7222,70208,151394,71636,118736,0
162597,136752,178055,175901,48054,1
135147,139190,12616,31547,12054,0
114742,68528,136994,70597,94252,0
61714,35475,141236,189707,114885,0
170560,99864,177451,40550,57970,1
47665,100438,164493,125562,155028,0
125429,188142,149391,107618,173649,0
42482,53968,149596,131937,175093,0
49380,92939,104225,132858,84532,0
365,182264,131120,112997,69921,0
58412,71227,156976,148001,135162,0
38257,161812,163547,160858,194597,0
80439,33244,105608,155978,175654,0
151779,46932,139073,100834,73656,1
133228,51717,132424,134085,85067,0
177210,140497,136480,67747,191467,1
89801,13570,89305,172703,156988,0
163497,162852,146656,2886,54611,1
105546,59540,181175,146098,149103,0
153778,47408,168725,147312,124340,1
199925,183853,134700,70565,104342,1
74202,29004,45044,11412,185057,0
149923,145921,10954,22528,165146,0
196950,107694,65615,80640,95484,1
53603,48556,31917,168296,44871,0
92984,193141,73878,103610,141442,0
8213,180842,84740,187797,85369,0
70814,16072,182629,131045,70678,0
105385,108321,23621,120926,76144,0
86631,134039,57627,179067,120870,0
48670,107999,103362,95437,146584,0
166163,190445,108923,73346,41893,1
10520,27541,109407,191861,118219,0
58553,148705,160622,2125,133296,0
14566,160770,89899,103257,102381,0
98561,93159,102378,164953,169363,0
70270,122684,102658,94155,8070,0
138510,20715,161531,117983,16025,0
107444,195477,99779,24003,130958,0
158085,70652,107320,7113,28929,1
107814,182418,142076,158086,20461,0
4442,155007,144102,39499,165968,0
169745,193148,119459,179235,150281,1
32590,18956,121657,37851,182819,0
69066,83489,111202,97245,162559,0
92302,114481,16517,57136,67104,0
41859,60210,57058,165547,32343,0
128235,89607,171638,67824,98991,0
104368,159521,45892,78256,63761,0
65729,196120,196563,175396,70867,0
6404,157833,120099,148695,64467,0
40408,182103,179891,52287,105001,0
161286,27867,92352,106161,162583,1
85345,11403,53649,190090,73346,0
106241,27100,163733,69073,99920,0
111117,74742,18852,32278,71236,0
24672,107424,304,149891,62998,0
151282,176823,178887,139501,37996,1
117170,73059,26981,191811,141023,0
131690,197720,29722,120718,27371,0
34938,33433,178895,122931,38137,0
92640,189937,42835,21827,68855,0
39669,194631,121701,133307,132583,0
110131,149922,68640,16734,11712,0
174026,167692,50691,189922,112884,1
1393,1113,163054,75644,70068,0
15192,129959,101027,122263,88668,0
69458,42547,142992,20094,111509,0
101238,158615,95598,30865,131115,0
138765,67213,1453,156893,118776,0
159461,3057,24751,110246,12793,1
47642,113593,9506,1471,15572,0
69164,196299,187548,112450,43973,0
61314,70871,100208,69755,148556,0
130080,199215,22381,170819,18482,0
178810,18357,183131,45243,114711,1
76196,197540,121850,162086,29982,0
71054,82867,154845,100740,132241,0
63074,125190,5225,175007,50368,0
51566,68775,70879,167334,140819,0
172103,78950,120593,25208,75067,1
91330,43355,163430,184052,145489,0
80540,110941,94987,122970,65794,0
123761,67234,114905,160752,110362,0
85652,10677,40592,7575,84902,0
121280,198434,51911,161155,71098,0
111994,91640,166071,181214,176317,0
127385,187650,188145,140076,12094,0
129920,682,160946,42311,74331,0
173148,151319,8804,187955,196798,1
330,430,177043,55976,64519,0
3018,143719,104441,33014,95872,0
136914,71187,100424,137430,181968,0
184322,192562,175002,131998,61396,1
10903,133735,94960,20033,64466,0
188959,1906,93948,120587,8799,1
132582,101451,69400,150574,97953,0
43740,132204,124227,24535,50284,0
41369,124410,154998,79874,126062,0
154127,106008,58019,5408,109933,1
57516,48536,99769,183160,90739,0
160467,11419,135533,69102,167097,1
105387,47120,104174,2436,165852,0
110543,10678,192876,159298,46619,0
138083,113256,124471,148470,124869,0
31115,65440,64600,118856,2861,0
160573,91954,165154,162418,162819,1
49797,83544,121987,26530,97951,0
152652,167726,61486,103881,9310,1
64820,159200,25120,25198,138336,0
81374,111139,150979,168895,179527,0
57355,185006,21187,164093,29129,0
62054,110390,31235,54096,58416,0
13549,63019,51995,74389,191881,0
90010,158252,58976,160373,40824,0
168885,192027,179488,106649,123252,1
175620,187669,13435,37035,49538,1
109106,156852,137542,105074,44854,0
189566,116448,174464,122616,4370,1
47822,149893,163047,182021,177691,0
38722,57136,23154,124154,83739,0
29119,71696,91049,184044,122750,0
121862,123927,167314,180556,74494,0
125636,156755,188407,156967,173150,0
120874,84297,4889,31649,159771,0
89866,84813,51311,145899,81423,0
87697,159189,28529,141348,143571,0
65818,12568,192301,27947,30032,0
50100,8098,67729,96670,151286,0
16142,59857,188123,54259,22134,0
146801,40778,108524,2573,157515,0
145367,77163,152010,105682,128971,0
181626,115773,75780,143484,82922,1
93116,196814,18649,165666,177894,0
101999,68751,54312,66993,153184,0
173879,50534,41551,152555,140939,1
104310,145030,64204,41466,152927,0
72584,71424,161892,144929,15473,0
119028,20196,15100,172245,152265,0
172720,101239,193714,161924,131504,1
102672,189718,107947,78361,85573,0
85004,99169,66920,164080,63810,0
74083,5056,58673,178668,89771,0
185294,119966,11802,21235,33387,1
134317,70853,82354,81360,24705,0
110016,107294,167141,114429,163640,0
158753,137648,21010,177014,109356,1
132484,194142,150217,144709,138118,0
14550,10489,174770,37722,12673,0
156448,183154,108405,59171,13152,1
119531,136817,129846,58874,171226,0
80649,72087,61106,122348,79546,0
128344,107586,80373,135285,186723,0
149984,53450,22334,92923,168142,0
25239,65533,75281,175627,153557,0
104855,65845,13226,95192,171260,0
135511,106027,140778,161597,57758,0
94444,161090,51688,72075,128544,0
169335,83344,193035,151195,33972,1
39831,150219,152084,142589,86400,0
193820,192756,170651,114362,49072,1
2258,118029,94627,172557,157700,0
67168,195130,195917,52260,147501,0
192038,26427,36468,87114,10490,1
53554,108852,144432,194839,128512,0
122745,81739,193682,153647,95935,0
41687,130541,57025,80111,42548,0
89009,74631,95102,152173,194700,0
152225,89303,189220,179138,141077,1
118990,32619,36434,187671,11682,0
16254,117699,143070,152276,89415,0
190659,120709,41613,58810,83440,1
14018,118182,84261,42597,142176,0
129228,73871,107998,101554,185347,0
58784,101629,737,85574,15105,0
142278,106366,166045,61834,129168,0
178922,17020,102965,61864,90100,1
157006,103978,89404,150705,145022,1
102230,806,140831,51632,146211,0
187481,197874,177436,109696,63490,1
125398,112336,113530,43321,90049,0
59057,40793,104659,112855,63840,0
131478,79945,57899,12751,133540,0
60832,120641,22076,72332,29434,0
33475,15060,61592,119782,96976,0
40673,171984,112797,58633,198479,0
164997,6652,145228,185157,113470,1
34550,3362,103239,146809,23656,0
89120,191055,51136,145509,186857,0
47013,142291,85719,80756,125925,0
79551,113423,97079,156487,80054,0
100740,71422,145352,77935,143163,0
44708,107679,117968,43372,95498,0
96926,95962,145919,169548,148905,0
45613,147697,33494,81108,9910,0
41111,156126,19052,94619,196705,0
138381,199809,40282,158847,179431,0
12516,83406,66494,138783,34085,0
13901,198080,75863,78405,160303,0
13369,181421,175083,133585,79214,0
60869,8507,33632,108338,185766,0
13415,186220,35918,69317,60710,0
33989,93448,44763,131784,34788,0
154048,165429,102080,62815,49282,1
89422,36857,196369,103317,109016,0
97731,113344,95905,174226,24272,0
37751,34087,133670,23560,189294,0
115325,44000,17477,43506,111004,0
5409,185397,7618,140987,154572,0
69235,58292,80252,13401,110598,0
1981,133495,93473,74689,128591,0
56036,150415,92293,53511,138575,0
69154,12948,83652,3131,93302,0
163858,49700,48260,108985,35775,1
81307,80078,91676,116614,174056,0
87131,23329,25385,74567,53340,0
64406,135550,66751,147434,94387,0
125385,106975,49396,154768,176457,0
180375,9507,133193,63732,79698,1
32959,118377,34667,113406,170927,0
19645,17284,45393,137132,192110,0
57223,149068,95408,154305,69058,0
28737,124842,124319,71823,122754,0
67049,162862,197919,174583,4885,0
82856,43043,146934,187391,92307,0
49906,67589,48353,176017,62517,0
27152,183070,123790,32995,153545,0
116665,61083,72371,165564,83243,0
175220,108078,92321,73647,10853,1
53979,44369,55568,198328,163383,0
128450,154995,16933,173415,186310,0
55197,50068,138805,77784,34814,0
68004,47445,189512,68362,135391,0
62659,131453,22295,112485,34303,0
194188,171654,148423,193481,153285,1
181178,166746,103703,120135,115929,1
80480,164500,147967,22249,73799,0
197296,11818,180510,177949,193641,1
86258,198325,82176,128406,30976,0
118233,67911,38447,78500,31863,0
63183,116668,75330,119002,47989,0
164123,124660,72840,63854,198543,1
86947,175755,63965,157614,61326,0
192298,47266,73527,17584,44344,1
89889,116155,134256,119816,110868,0
75301,60856,17674,160244,144458,0
132731,55818,168433,103675,27013,0
83083,99817,16888,146259,143173,0
84123,165232,73213,82137,124242,0
158743,129212,88026,107011,4575,1
143557,55447,56572,190921,48967,0
168869,47759,133011,133585,179201,1
138351,183912,140249,184235,118197,0
21426,24733,69022,146668,141440,0
43294,162471,191511,57210,176725,0
182908,198257,73780,80585,187335,1
125976,19283,66745,83576,159616,0
52060,129566,49683,141826,173619,0
168106,166686,157369,160391,83823,1
30623,82671,98400,184387,125340,0
66209,57594,115556,66488,142878,0
26453,33714,140185,81704,109030,0
157960,175950,85933,86081,19614,1
100762,96955,160528,31161,166491,0
39581,17612,77340,94248,163462,0
116277,170653,154582,82838,161709,0
133771,84369,8906,43276,134293,0
162115,111955,58909,114187,42046,1
159563,187629,100134,101834,94643,1
114036,98733,197181,135012,14027,0
13750,66454,176745,81920,26859,0
137619,84263,64534,60839,106691,0
156715,175533,33370,43306,197808,1
91286,4275,160243,56695,183379,0
3683,83820,33288,175244,104427,0
14566,151532,9529,156664,196148,0
144245,51798,194271,98993,183012,0
169824,30397,131015,94750,157812,1
17584,152055,89414,108603,146823,0
105193,100457,57798,123227,190905,0
116561,14080,5766,18977,158944,0
159397,195548,145996,6549,76383,1
58746,1327,75790,197621,64747,0
94639,65653,197408,139924,96294,0
110484,79601,51034,81813,129749,0
62402,88248,56931,114302,160867,0
178982,158706,128781,27466,39915,1
77286,6700,129888,164435,101412,0
163127,21843,88369,18157,144838,1
151970,8,17512,52167,47383,1
103306,43786,139347,15458,78545,0
168744,122223,28780,174632,50869,1
193427,100289,8028,103950,120338,1
43901,48990,132528,153995,39952,0
179504,113640,109033,157068,155069,1
11534,122966,54438,145455,152593,0
131219,24023,182176,2967,170195,0
188123,197729,175018,6468,186746,1
196485,29721,10604,125936,146056,1
81362,195451,194038,169143,153632,0
64653,19810,90473,171276,45962,0
162865,100522,182129,114291,157833,1
83081,11495,174726,84555,146200,0
23243,176775,10550,58268,193558,0
73798,109625,165202,91118,11436,0
96671,190639,125462,193851,73453,0
47571,132098,96497,176680,158851,0
37028,8019,124798,144816,149556,0
191250,61609,14634,98129,14642,1
131730,145510,181807,149514,172685,0
14223,57958,133931,71118,155454,0
171340,69179,18129,136305,129748,1
57785,54405,19176,176564,49786,0
59304,147917,67151,141176,125224,0
57953,196241,189320,29846,93914,0
35706,132783,8297,160534,70434,0
82033,12377,69331,199769,2487,0
64712,153268,27159,104690,28224,0
174617,32425,84384,34043,21062,1
66668,191566,3165,134283,70396,0
194344,36194,75331,146715,171328,1
35329,146235,11534,31876,96342,0
39808,170791,7458,47820,174889,0
98798,132961,55728,11637,90653,0
22340,87529,166283,83766,173832,0
99055,94535,153090,4727,65030,0
144176,76183,145160,30616,134197,0
156895,84322,13735,149688,121899,1
152511,185076,181907,106090,140808,1
41793,86192,142304,142855,176463,0
106842,44638,173799,19502,75556,0
31416,13916,119192,85837,83806,0
187332,35825,74863,139644,148653,1
79789,90050,164925,8877,106573,0
163745,170618,65199,74653,117029,1
111426,52913,39999,144664,90835,0
101537,47385,178999,43639,66468,0
98986,91426,81819,175985,180640,0
10697,99247,43970,3705,127144,0
169881,32244,120069,113781,48217,1
188784,101680,13175,106203,163875,1
141015,109265,5219,173913,288,0
166231,76277,70669,150791,37048,1
48149,101685,49646,110810,22441,0
87918,145816,46534,133582,150759,0
41356,99611,172230,63592,122336,0
39753,44953,46407,146745,116073,0
84864,33560,89682,87569,29852,0
144970,69952,28220,154714,198066,0
128892,26265,120074,20351,154966,0
166549,173487,104060,159748,34517,1
70118,159958,143113,184988,172078,0
80155,159277,121370,139300,72762,0
157830,68905,50085,22681,134711,1
48039,59121,173541,170544,183064,0
89648,162963,130897,65930,47949,0
134384,134177,110907,56890,119487,0
151921,59808,64575,19313,145488,1
194655,84644,114837,191028,70629,1
98250,43456,44801,193020,158065,0
130851,82874,18872,62528,193739,0
147773,58632,161237,14982,160002,0
159255,112987,129868,1500,50616,1
73958,78884,119337,16079,177110,0
181111,71068,117536,171418,180567,1
155720,154399,159703,41036,80235,1
42484,24043,38514,159198,93475,0
140062,76071,42830,134958,16977,0
141425,70585,5238,31785,156123,0
52278,94107,89610,30292,132196,0
168275,100931,124818,73118,54967,1
12972,30219,164989,136418,85957,0
173254,193998,46348,152334,40755,1
6932,22334,118134,106594,5416,0
108581,2137,149987,15211,195431,0
95601,146538,190905,113426,97585,0
37685,14687,97123,142999,49690,0
144207,93083,194290,185467,54463,0
28706,104370,27871,45807,69494,0
61147,120279,185253,65633,102563,0
112080,116248,15806,172846,13562,0
8182,105911,48137,169778,79369,0
12074,85852,167034,94220,68412,0
43732,170570,122838,15474,17189,0
105358,155980,27360,105847,77563,0
62598,179352,103584,118403,94604,0
152555,67791,35728,146025,101156,1
72701,165652,114880,33667,32694,0
53230,172486,86499,161517,23396,0
4016,144299,176700,195747,149985,0
89823,196928,48973,75975,40738,0
110692,185857,90859,149209,132519,0
132983,82087,82850,52233,945,0
81324,133364,49951,85949,121446,0
140218,140385,125799,107754,35375,0
119948,171825,101850,52487,82326,0
58662,53001,74149,71540,131631,0
83033,192814,57169,88706,141715,0
135301,187360,101709,10,83795,0
111962,32924,169141,43223,49987,0
127090,35373,198093,137840,90532,0
189760,117425,168952,19565,182003,1
182850,112671,150914,112562,16016,1
156940,91751,195594,63404,141660,1
192031,12435,147766,85881,13264,1
189993,4520,97430,92859,100376,1
27417,3807,189937,179351,190071,0
96624,161913,33992,81323,27236,0
127493,130892,192906,92192,154849,0
78475,181102,184994,173713,75045,0
131142,2431,10545,125571,135402,0
176930,142836,120845,143986,172875,1
151694,166782,105010,144725,110550,1
120275,83838,112489,96396,184714,0
86318,120306,166038,86718,44080,0
41095,11971,154929,115970,162170,0
194642,101250,191075,184291,70884,1
141960,15619,23929,187785,156489,0
103912,163511,123309,11448,61007,0
24672,111763,164127,72688,82909,0
173606,18511,645,12892,180953,1
178815,28138,46665,120982,172167,1
109184,78182,195176,84415,105989,0
68959,64154,165019,49192,97124,0
156661,68425,194053,160489,26201,1
1132,189054,31026,26048,81341,0
170408,109018,87237,66936,146457,1
110347,152685,62724,110632,189904,0
31402,35347,27539,79913,94779,0
55735,54193,161314,19625,126316,0
119406,43439,190418,142936,22746,0
13889,100521,187101,127702,104117,0
58003,95467,23704,49455,138440,0
192178,195988,10596,21523,195186,1
102980,134630,145425,143739,137220,0
115359,151545,144924,171805,48218,0
96691,14154,168720,94133,163089,0
18903,116806,85947,188410,137804,0
177717,191489,5051,37538,152331,1
129198,112384,85413,128740,183515,0
62990,57886,89707,191013,30783,0
183893,52280,127113,69060,174772,1
86574,153106,25436,78576,142505,0
108901,26991,78493,80179,185166,0
105732,44381,111731,136432,85882,0
193939,30625,170332,2456,164926,1
172807,158513,176491,61109,77885,1
166262,145342,95817,191861,59272,1
80791,191517,57740,189312,120818,0
147159,81837,150424,52518,45840,0
72589,148947,162935,97407,180782,0
102634,62333,91983,65003,125289,0
78546,27762,98809,155167,122186,0
5148,66327,184884,108237,57129,0
142696,51717,73671,121615,165379,0
76933,112771,113652,123997,61996,0
10410,140949,174700,129933,190101,0
58641,175687,111744,4651,140534,0
28585,26983,45710,171916,106468,0
2621,50803,181290,8843,161462,0
28727,71454,144698,88940,144855,0
151421,11510,110664,14285,168911,1
64478,97570,185708,89571,175324,0
38835,137228,29290,84798,101631,0
70079,4561,16397,141179,79360,0
10797,136307,56634,89087,101253,0
94323,57815,170702,194556,66252,0
192868,16943,124356,58443,173943,1
39467,111423,132612,98342,166223,0
113382,101424,164559,99590,5901,0
182663,158217,13529,66429,91783,1
9182,143160,32883,69568,143209,0
145938,89452,170142,102271,181768,0
41585,109029,138516,172358,15653,0
126132,54025,95872,47698,169328,0
13461,90622,196085,54265,45809,0
70760,6952,8937,120622,174040,0
178131,16444,72637,95527,145311,1
90847,84517,85901,30398,158899,0
136780,55619,187887,163962,36915,0
46727,64216,93511,66188,140614,0
49345,157846,13337,73433,45039,0
151468,81477,39144,103654,142270,1
45240,173468,178922,64965,54418,0
193385,47312,84173,15968,150301,1
79363,23547,83055,127207,192164,0
151511,75961,70805,129633,145132,1
182106,116942,174035,131999,143994,1
25454,106216,137091,134829,142844,0
40511,24871,181100,51510,174785,0
44221,54566,23310,145294,104745,0
122315,154858,46972,65690,104723,0
113691,60238,96788,24082,96516,0
87281,167700,90120,127399,173492,0
97478,56617,95157,13507,164268,0
58986,120442,14696,139322,49610,0
84427,144872,60408,167262,146076,0
95505,133248,62801,147844,16936,0
93544,152995,104045,152868,86721,0
65203,154691,114616,153338,79060,0
146401,6361,146674,190041,189467,0
14725,143917,176120,175723,61951,0
176909,106996,123873,153003,26749,1
147965,901,154790,57547,104306,0
35464,30956,171733,89473,83481,0
5664,195050,100873,170893,46722,0
44084,68861,167820,44288,179342,0
16756,73220,67596,59703,155204,0
29668,176172,19759,180060,123367,0
29059,130780,95589,124056,98063,0
100357,59617,91747,123634,54008,0
26253,198524,196371,106697,8690,0
107887,97250,112512,14464,76387,0
135003,106581,6240,112148,134275,0
167424,43783,162510,170796,134104,1
91757,147961,148281,196104,22901,0
46264,181859,189217,33191,4583,0
18778,59846,79331,31552,153653,0
137255,192175,42034,46314,84745,0
91207,53812,116814,26789,188113,0
77709,11101,113216,30606,182258,0
176419,100388,64671,179153,88067,1
4774,139344,9768,77556,63022,0
85043,168142,143450,113777,20701,0
34392,40996,143601,51666,105380,0
112356,191632,103331,149801,81424,0
194993,91165,155784,189619,9540,1
42222,41888,114733,150049,116089,0
104165,73863,60609,149689,14150,0
170868,102651,78857,82639,107843,1
87688,157248,163496,110007,199889,0
73635,78942,20214,32043,188831,0
37390,197563,49216,196218,100620,0
12268,14382,32765,135174,33348,0
168783,186273,115374,67702,84114,1
169093,157547,82242,169200,56703,1
86097,33844,184339,193380,79238,0
53845,142788,69079,191425,68332,0
49138,109655,61473,119067,116494,0
61825,161154,9732,172393,43701,0
108906,94552,113519,90370,22434,0
176220,151352,143032,155140,180084,1
131784,60301,92960,118146,175874,0
63438,60099,4696,86267,62270,0
50452,110177,158069,108416,123861,0
121995,91454,59291,13606,15892,0
80516,197060,95442,199556,183655,0
90721,167337,118322,87870,92623,0
84276,134696,47023,164008,66233,0
116046,13924,143795,36850,23234,0
198248,132047,16244,108121,16103,1
153698,157227,129592,83590,81278,1
3281,69875,126191,7424,119864,0
122713,16937,61566,136746,134517,0
196551,8604,105274,140120,98858,1
149471,36721,36466,66964,48937,0
170144,192631,12603,42774,136245,1
5950,97036,187317,32294,21601,0
190488,34563,75823,88078,9385,1
34049,139947,5768,89065,13477,0
19565,167476,184007,57216,74060,0
26419,41502,117489,47954,33454,0
86066,156036,174671,123008,48984,0
142138,145088,199293,137227,161842,0
88846,163449,122471,133391,193550,0
138193,62833,171102,6694,4714,0
24344,32526,92774,68218,198893,0
196738,163288,185799,55400,119012,1
60280,59290,21508,124176,1613,0
124962,158320,187291,163537,165286,0
91520,45110,51085,74643,185979,0
197911,160750,181166,36545,21548,1
49308,170577,103934,6792,38316,0
134598,27730,100523,135347,107518,0
5493,50258,84765,68135,3331,0
179550,44409,171612,146219,150,1
24335,16585,34458,84275,49506,0
15830,88926,3016,117520,61398,0
32109,185979,28807,118871,55170,0
15481,75061,186455,196736,138489,0
112198,38237,38745,110076,149798,0
36145,56362,131448,167027,128284,0
119986,155703,100210,56117,97722,0
86387,155320,134316,111054,192816,0
96949,150840,98708,12245,387,0
56809,111810,94992,188387,160993,0
185028,179471,123281,72057,141148,1
160810,129353,52545,36777,152631,1
131656,131595,45415,25014,145419,0
54019,188381,133071,47549,117746,0
70018,124594,155657,48961,15532,0
114510,68087,57349,161671,112253,0
60142,31794,168520,38959,103718,0
49903,139,28206,161107,47517,0
30109,179704,192908,130566,112941,0
138659,42666,105467,52409,25513,0
154759,144887,124949,161149,185775,1
54641,113673,111350,167089,145468,0
193139,191211,36104,194857,7052,1
169566,56152,119977,153337,100059,1
121494,84247,133366,107301,122503,0
162707,132390,84780,147156,121616,1
167248,191536,117783,195170,129485,1
93606,176701,32755,147630,162324,0
36435,74304,104398,128079,83230,0
173534,160281,106133,105659,151330,1
166453,80289,153866,101808,135540,1
27854,26489,3486,90359,149509,0
180214,121646,139042,62611,162019,1
197351,102108,6706,174293,67184,1
19861,108032,146037,37547,185014,0
158064,160538,137116,134609,18497,1
116605,21640,29374,121340,174362,0
106685,52505,131935,71192,62994,0
173060,155894,105168,131424,30984,1
6110,171371,42856,44569,39807,0
121456,109347,94718,32293,66650,0
100566,87879,85794,135850,38072,0
188461,184427,196470,187079,114793,1
59122,114154,82108,106651,166667,0
130875,148540,193710,22555,89883,0
140776,43658,142302,116366,164709,0
125757,158172,57261,195487,58766,0
18500,9909,42684,19454,19622,0
138275,175569,147791,16055,110274,0
41789,91170,133391,10280,154519,0
153582,30497,26813,153372,57628,1
156372,133709,95708,170240,186856,1
47247,25228,65971,48910,139002,0
177478,110536,101080,147439,191590,1
198413,108514,25016,175620,155693,1
17607,137022,148092,128278,183633,0
174397,169566,18344,122615,64983,1
117364,58301,115352,180682,199850,0
44832,152089,118076,111026,147229,0
72588,1588,118915,145360,179121,0
90993,47842,129260,14158,31667,0
74335,191312,144456,63176,174477,0
75002,98978,120674,99485,50570,0
196337,167883,115373,162748,39630,1
62637,16196,94279,17834,126729,0
124254,144992,82154,12804,109998,0
30109,164353,28609,121835,98346,0
98986,16963,163500,91092,22390,0
83654,192032,61685,79584,157502,0
31653,58843,160110,15146,185925,0
92741,71241,24430,192185,116129,0
130995,77959,135152,37499,90467,0
125881,189813,18011,105281,120212,0
135853,181781,118518,53563,100476,0
24886,4839,112223,32461,102324,0
127450,41646,79989,182360,149716,0
7075,193746,26404,9745,119276,0
1963,177800,58582,90030,28026,0
110923,6545,56087,194833,101741,0
163972,41004,175700,17373,97290,1
116750,142494,138615,19591,57131,0
111290,195866,92341,28446,26772,0
61447,198392,108950,28451,82432,0
96457,171615,1454,49456,113317,0
48064,36604,190018,113135,2507,0
194386,126217,9589,156833,95003,1
91499,46254,9600,12092,134652,0
84216,184145,162780,75024,149606,0
180395,138094,157843,63414,72115,1
69641,17516,73779,10245,121471,0
189687,64043,106913,112140,14772,1
75302,18760,115102,54260,17421,0
51212,129964,39580,15826,164171,0
139838,101251,65577,141966,159778,0
75164,16810,101140,77737,2000,0
136962,161809,154023,52047,32871,0
93303,55211,83488,190369,128905,0
184311,3577,172842,33676,5831,1
51904,123215,13474,188288,167370,0
158970,84441,6867,155565,68444,1
186776,198093,140502,187631,85884,1
185109,86486,36926,8579,122891,1
7407,154806,32804,180618,67298,0
192883,118314,132743,52484,172520,1
184642,48538,100645,18698,151077,1
75809,171576,86866,149823,48859,0
158361,172143,2537,69185,26166,1
15053,102037,89613,12018,17771,0
76399,79466,161728,163992,164566,0
139933,164382,150389,196198,95995,0
62685,9222,64153,33099,174427,0
87201,31254,177490,79736,47670,0
128598,176917,110898,55375,126251,0
156529,197878,166259,173654,182097,1
43391,94074,74065,119275,61641,0
116285,147400,12227,102188,62238,0
18379,76358,198992,83071,6654,0
180556,56036,36909,137169,165331,1
108406,128937,38202,6912,122222,0
107846,83485,72140,51297,119115,0
46276,118288,161151,121636,46893,0
35173,133528,33133,134642,194577,0
132112,109414,152719,25539,103235,0
100582,52912,172042,38628,166461,0
25779,176741,111797,52205,69270,0
167443,25221,65080,86048,72444,1
172568,117987,177681,169908,110861,1
80229,148761,14628,132535,96455,0
187223,179503,114263,15919,26379,1
68329,26317,102257,117248,54111,0
76973,115616,14515,13383,62457,0
64922,104238,109422,75237,39773,0
13294,145226,7811,47882,20869,0
50139,62092,103148,61315,118610,0
4867,135115,21703,42441,70578,0
180566,162430,46555,77876,35268,1
98188,88590,174529,51779,152613,0
44667,74458,10493,58831,126994,0
193770,37023,125169,67466,135526,1
183183,186980,92845,177567,140389,1
12351,146649,106621,52476,42252,0
25261,11560,47691,98109,48674,0
199680,74315,141719,104732,48183,1
69222,121388,122621,28258,176094,0
9602,48578,122586,30306,134447,0
193256,115889,77551,72292,186819,1
106027,128228,77895,103479,57153,0
127531,89115,95310,62431,8105,0
2169,117503,90255,135923,101746,0
143241,14233,97709,67767,169295,0
28080,68624,104179,10522,192765,0
68113,160901,46388,84425,66077,0
35168,57452,102277,35143,118460,0
149246,8841,180298,150166,190398,0
10962,115640,59680,99526,69438,0
78234,121451,105636,197237,146437,0
184282,169401,55066,10861,39504,1
157361,179539,36389,198481,111124,1
99386,120244,136488,65532,6312,0
40008,94888,39696,58602,9387,0
41508,35453,62642,108665,70384,0
45049,96963,181647,79876,186649,0
26703,19348,153245,195318,80368,0
125518,123286,74865,94095,139064,0
56099,189710,134368,85755,23543,0
140496,39919,104231,113052,129238,0
65333,191751,5225,82608,196508,0
105456,185375,63775,67815,82899,0
152575,53114,91837,72576,25991,1
52295,71861,79956,188345,171016,0
8225,16576,49483,74559,73999,0
98873,142808,173409,141280,144181,0
100452,89826,178018,154075,178986,0
138509,78305,80742,179076,40682,0
111068,158882,66998,34465,120088,0
142657,51464,98808,156375,186751,0
12656,143517,73132,87580,83522,0
156026,93011,99079,100235,40235,1
63600,53841,12125,105713,124800,0
179686,44353,166035,190349,170236,1
141884,56453,97481,147025,114229,0
176784,181969,80719,89699,51806,1
39449,61154,161969,135315,72453,0
86227,192693,120188,183456,24058,0
95685,65409,139456,140569,89914,0
96848,66200,79758,174297,156746,0
31675,23716,100671,50986,31697,0
104755,23209,15980,87214,77608,0
73401,106234,16149,166036,41412,0
80961,95475,115049,199940,48070,0
29228,98634,86804,63151,121740,0
86203,181390,63746,6586,142086,0
73849,106653,155150,183197,159474,0
188860,64655,126626,189039,104730,1
19384,186398,165327,185052,16035,0
39334,12040,113610,194130,74927,0
44735,41617,98670,106270,191061,0
15163,108643,97399,32897,91212,0
158262,85815,32968,196057,199670,1
44856,20865,138996,99516,43464,0
43342,2928,159197,67591,134246,0
46944,160226,85836,191450,131561,0
105368,96067,121927,195458,23152,0
195321,69938,102241,150400,56385,1
121477,64206,11852,28851,183767,0
116403,54732,185855,99341,10012,0
30616,125868,174211,195485,197393,0
80983,112199,93576,77200,195488,0
16922,31816,156197,5905,81998,0
68839,145142,153781,18688,130523,0
144365,87315,149867,5307,114881,0
32574,57138,111163,137398,84350,0
173061,5450,169937,119404,86155,1
19151,58440,110624,18480,59122,0
129826,168591,49134,4660,112632,0
152950,76165,58476,51817,144181,1
157876,73208,183033,180783,148168,1
67703,80429,44720,19004,57883,0
60481,45894,19162,51465,3151,0
166115,47446,126948,95331,69061,1
7210,47121,97286,119229,121455,0
141939,179459,127146,6945,176749,0
72665,40147,3931,84853,197641,0
36555,189456,142975,129721,37132,0
138751,14301,114360,48207,176191,0
186546,108500,10953,198111,107688,1
20668,161578,96392,155397,31201,0
112538,91381,136771,38913,111383,0
84470,178703,196816,128450,135432,0
930,144220,119138,27981,67355,0
18740,121007,11053,68004,65011,0
165284,125661,558,101226,80483,1
26164,144446,3294,8873,59329,0
147475,191649,85216,176539,40660,0
92064,87455,139918,88097,191304,0
143377,29450,151379,44988,66675,0
128122,94568,191270,31445,75583,0
174735,70907,143301,140675,191919,1
104299,34991,87993,168256,165400,0
199647,66628,158974,169321,172966,1
188687,78080,109949,57336,150000,1
104316,72759,172269,181411,149769,0
124934,146150,150815,137531,9556,0
99894,117741,195811,104647,162532,0
108249,197050,137719,128892,195876,0
57547,160161,121465,173282,138206,0
84998,124930,119123,38684,183053,0
141476,160992,144797,9293,26436,0
70193,105540,103386,95489,99425,0
93067,69850,158863,115613,138442,0
34405,169527,59547,162636,66659,0
90298,110235,18778,198138,161617,0
86317,63052,25107,177396,119517,0
171296,117543,73232,156345,53245,1
155332,6042,19600,20485,125310,1
186803,131987,62253,153098,152699,1
24842,142800,179082,181459,65962,0
168299,31022,75615,83630,151724,1
108528,152723,87920,85387,4235,0
171709,196694,43994,114006,111920,1
94738,120361,63369,198948,1371,0
21648,157288,179629,101842,158727,0
57923,53432,59142,177916,86723,0
5405,181068,128790,187458,10374,0
31946,152920,21404,47901,33935,0
113003,22273,67652,47839,28874,0
50065,15313,102450,45703,179827,0
49598,99549,148799,91139,117580,0
38420,40086,158667,75434,198514,0
187195,131047,87333,176220,120157,1
38393,79214,115551,114460,106176,0
107806,57373,70809,112849,48608,0
50858,194806,93917,91105,131797,0
95452,160394,112487,159153,35897,0
8059,136411,114685,89253,12221,0
90599,11174,171891,61307,196374,0
183237,195048,122430,18148,177821,1
157116,102625,9383,179720,113550,1
176100,45056,33187,172404,171283,1
41033,30394,69405,35982,80965,0
117963,158308,98639,185996,161598,0
86801,199289,38396,71516,33339,0
165712,31920,34441,114257,159323,1
29001,84822,103959,34201,51318,0
167466,131381,149531,150921,34430,1
48495,92229,82770,87731,125806,0
130408,8099,23772,65747,122049,0
122180,74785,147038,175252,121544,0
19961,170251,94549,176071,77814,0
197500,82304,171005,1133,106406,1
194870,145240,121682,94538,14213,1
68077,119096,195536,12803,184501,0
67998,175625,133410,198624,137852,0
5485,3785,34198,6170,66223,0
151321,162858,79004,83799,132345,1
51643,197455,126162,93484,76305,0
168821,131649,13725,110899,100765,1
148831,104699,27484,7415,168918,0
96952,107842,60594,111784,142459,0
162597,76839,166894,719,47266,1
26704,58852,35962,21223,125852,0
8061,3160,171204,121369,42258,0
40357,36083,137880,139566,97778,0
181468,53104,198487,51830,51529,1
81143,17763,140133,135827,33291,0
107693,182006,169500,125759,38869,0
58081,32130,127168,2440,193630,0
151716,60782,186269,28898,2780,1
77387,108413,9406,36567,126438,0
73269,173111,94207,71896,61424,0
65378,178966,185608,16643,67636,0
21130,165254,77548,25672,56421,0
196157,15436,68768,159021,192962,1
169339,133407,56272,58205,14913,1
51764,27118,196936,165613,127486,0
198045,186787,56429,9799,133783,1
78430,194630,127765,84117,144386,0
2474,160643,98940,174070,133956,0
95741,50917,67994,191725,70068,0
141035,140695,69802,79462,61391,0
172511,35879,73948,166407,62186,1
11223,82124,77666,99555,140563,0
177023,197430,170790,89133,4566,1
47526,4818,83748,44554,183396,0
153821,68311,7932,25969,160243,1
21186,122320,140976,58303,146832,0
8066,87661,140330,143434,180595,0
142526,7965,1317,139623,8277,0
76306,172631,126955,198426,25417,0
99363,114895,127664,24491,150697,0
134576,34583,162,13395,65848,1
155452,34158,29084,12031,76654,1
193466,179575,175607,182978,74756,1
140429,142661,124466,187903,109096,0
22147,717,143330,194763,198129,0
147046,102380,150635,2457,9918,0
166189,73738,120066,112856,14147,1
176680,185697,69757,60700,13374,1
101767,189167,32986,160810,100443,0
45269,59241,71555,55735,152644,0
36620,170022,185131,50780,30501,0
82493,192900,155216,23698,120982,0
61650,106210,65842,95011,182223,0
83179,156699,18564,141614,9514,0
168413,120206,106463,36994,76615,1
158876,73018,2088,132989,7322,1
79651,52408,149586,126985,94436,0
129316,115784,172787,157728,197012,0
75952,122658,1973,98109,6553,0
27618,45827,50138,8316,158711,0
129857,65035,161390,199253,860,0
80204,123473,196637,169873,197180,0
196194,60746,90070,106452,133553,1
149310,11478,17530,134237,67272,0
102023,131863,161358,55142,118934,0
131591,98844,141102,109811,171676,0
50320,72808,172090,108199,20469,0
49076,36888,92989,88319,2398,0
114515,99937,198150,193802,10516,0
43974,61784,153548,140356,178381,0
102261,170643,103915,32397,53131,0
143977,150984,98091,70375,90980,0
21505,53642,85641,29579,127422,0
194374,23141,72368,5870,174683,1
170066,195121,52856,174097,9758,1
72245,121388,154342,142828,78690,0
10575,121005,199423,67618,54820,0
64643,31375,172888,45058,10745,0
8454,90081,19835,9209,164547,0
159397,180775,146556,138752,179644,1
2314,183782,158060,48552,102222,0
62069,33805,951,53905,71345,0
54778,58212,58240,54538,88539,0
172663,6958,153698,100500,5698,1
172840,149604,169297,33528,27139,1
55023,189803,194891,22775,62857,0
100291,112403,70890,45827,56618,0
36598,88269,119375,135015,35469,0
51292,111348,105149,123215,20025,0
103654,52268,167959,189148,84420,0
169223,107685,98640,171782,182788,1
10683,128636,82327,109137,184701,0
149561,84388,161543,162668,143779,0
149923,94234,43810,152247,40224,0
46087,114466,30234,195779,109690,0
3293,55526,114972,82153,18772,0
114904,96173,163654,173201,152421,0
174123,194061,146117,168886,42268,1
82130,60129,27905,158745,190880,0
110208,49100,364,64910,121930,1
30640,169147,47336,189427,168785,0
185517,39646,4873,58924,153300,1
153411,132449,156461,134671,104753,1
190247,101130,26398,4874,80176,1
141061,94495,54595,141173,194794,0
128579,169662,11701,36040,65080,0
116280,1709,170477,76965,143568,0
95227,23863,152001,47812,1842,0
191351,152622,142130,85888,108381,1
169403,111314,135849,137134,166140,1
140577,11161,13690,7613,145986,0
154996,124964,138210,55485,61339,1
8989,97762,79065,32917,165282,0
152156,83548,74350,31412,38292,1
110123,30765,197809,109343,143076,0
197398,194719,187113,199141,131955,1
15233,78557,82744,180925,86306,0
197904,6156,197224,40881,180858,1
42938,87080,162365,146729,147196,0
195430,41242,122514,23400,51746,1
148261,34324,136831,85479,3930,0
82971,17863,82152,134677,10240,0
119271,2326,184115,189669,164984,0
146584,152323,103556,199789,116155,0
9420,34817,102263,148136,160871,0
115394,5903,199960,81463,190304,0
180080,79634,193357,93723,99672,1
100044,152620,91933,111255,129367,0
48726,55867,185360,43843,193844,0
26832,16249,46489,139511,151665,0
36526,23290,254,13214,6385,0
164345,69116,75585,14546,174205,1
179473,128725,122867,48832,199813,1
89099,169722,162315,175344,41186,0
170017,175688,93283,58675,157880,1
85146,25587,110320,172933,127457,0
130806,75783,122922,5561,110065,0
101305,17421,195383,23224,76624,0
121244,22564,115216,67844,148500,0
42473,21706,14875,52815,12034,0
91745,10016,79854,199124,144425,0
97828,120801,142855,191295,148153,0
159666,144643,74278,180898,44909,1
26614,11141,74207,171559,166009,0
102384,75528,17101,65388,51045,0
184926,14045,195924,76994,138088,1
115982,81142,135016,53092,28991,0
22419,82461,111359,29716,5591,0
178594,199415,5908,20070,66540,1
528,93282,8635,141015,163680,0
123076,95316,85374,86905,151933,0
27183,107479,147828,195477,128124,0
65890,162525,116457,162510,37520,0
36370,129044,78650,173156,125815,0
161980,32478,85663,179609,61428,1
75088,129823,138727,167075,35106,0
87061,20277,175732,35743,51212,0
171979,98904,170104,199387,55472,1
189395,6548,88620,55142,20000,1
175977,102698,49309,125049,40537,1
157394,85136,21510,120165,10950,1
165005,23580,18487,191129,93860,1
41984,20370,26426,50413,56161,0
105740,51922,73874,21628,15098,0
8288,150941,100839,158546,172321,0
51058,16987,17566,149278,157923,0
76581,185263,14223,172921,58983,0
11838,21083,74929,153099,150852,0
111428,18241,136846,174829,148100,0
46064,120951,138895,88008,100985,0
130033,94498,46205,65874,60092,0
126589,39124,122528,94427,100611,0
178132,108966,184114,16114,101644,1
93957,103566,77641,155917,199415,0
168650,197062,75687,15712,42442,1
24971,196264,15636,24392,60241,0
125260,173982,27296,74186,167186,0
198549,137147,111787,27845,140045,1
88597,173420,31337,158428,151940,0
52844,63623,86867,11146,54970,0
24533,114909,172277,185103,161206,0
186743,129838,54219,166270,123814,1
155636,96138,140882,142358,122004,1
64157,158084,157749,63396,171773,0
187154,103735,87090,19297,182828,1
177181,154305,181707,162954,54367,1
24228,78167,188717,114558,162585,0
173292,34858,8371,24372,177361,1
54070,15108,77812,41126,74443,0
183374,21763,19917,178876,36905,1
186851,8601,119379,8791,179531,1
38395,95062,106204,111864,40353,0
174030,86368,95096,187084,122260,1
20174,98766,19739,194586,105767,0
23761,21452,31784,196974,9354,0
24601,89213,124300,84281,120242,0
129300,55114,154724,173193,83581,0
127080,103666,159008,180998,18205,0
143307,92938,41811,102578,87359,0
55928,133690,133109,23700,15352,0
21446,55976,108112,166828,56112,0
31607,94343,130944,174583,58403,0
163804,64164,58606,156548,19219,1
112735,155606,149441,184853,43361,0
28977,84224,67841,67682,190659,0
189500,6722,5327,94276,124514,1
27011,105667,9386,154054,178767,0
117631,172295,153547,198507,148908,0
149101,47226,67979,130850,161687,0
57213,58273,50683,177034,180676,0
101940,198842,66999,159796,147574,0
63585,81135,42786,6892,11501,0
19951,4599,179958,32959,83992,0
98003,139982,102564,56544,139139,0
84039,168277,95388,78826,48493,0
181008,68581,144499,62679,58753,1
180605,197601,129076,185426,177168,1
107580,47320,186448,182795,162876,0
118918,56970,101825,132030,198386,0
71395,190899,186554,10113,92258,0
188424,146780,122171,104101,174397,1
12876,17075,67594,13642,176719,0
173986,164297,17196,136435,151463,1
145640,430,58066,172602,83207,0
50296,94970,3995,53898,36330,0
50877,57828,91013,21777,54169,0
69422,195274,69806,160406,146353,0
147005,128442,19636,158617,117612,0
17715,195197,50467,159392,151131,0
44343,187526,52788,159227,16761,0
143257,168707,98054,149675,106819,0
115751,3739,147794,193890,127967,0
134189,140387,25619,53227,9921,0
151660,22028,129495,35977,75830,1
192530,172942,63775,114407,170985,1
62608,138084,171256,63674,16283,0
27473,141212,86976,15138,50702,0
85888,132755,181903,128369,58466,0
12876,26090,198048,109353,75414,0
25613,123324,21766,105368,88510,0
120326,126678,127047,153911,16864,0
139870,23256,110686,147240,162839,0
19244,32161,172749,101464,71849,0
194754,126282,110890,47376,101582,1
55247,108356,129143,177657,7052,0
133149,80047,66870,57440,54592,0
121701,177670,41036,148470,154401,0
193455,146601,75417,2073,142642,1
29555,84519,100728,96111,117571,0
155350,199659,54099,134357,123941,1
197607,54795,27570,76070,88169,1
123928,30827,157115,147034,110114,0
18201,92063,17606,90548,161357,0
120160,185639,63370,13049,104412,0
184220,143686,71184,55231,826,1
62332,61349,177569,194289,87899,0
41678,11263,156824,48207,27226,0
185969,82779,169416,171174,159045,1
29970,96760,87430,151615,199279,0
82307,158557,175953,188679,125345,0
60301,37794,105773,8051,96982,0
96387,81814,103954,169334,43985,0
173855,10221,176006,23726,156105,1
157253,188868,172534,58746,58189,1
140368,155342,5392,199097,178441,0
115354,80763,88571,123428,163438,0
135442,122934,143451,101591,86338,0
85428,128365,172712,72816,141351,0
144235,59789,128234,168998,46151,0
159466,98524,89142,181191,141994,1
86461,63947,176184,141170,99002,0
156790,109737,59449,139816,1962,1
67660,161676,157810,195995,168577,0
159374,152788,164348,9466,19689,1
103211,153857,154397,62464,61769,0
127087,123343,10634,89305,174836,0
194204,134821,92327,58010,25538,1
108424,194085,137470,52066,80255,0
78085,9986,71520,129165,80946,0
183139,25894,137142,174060,4817,1
113730,134770,88333,63691,189608,0
141299,28934,116503,64467,124467,0
36723,185043,180216,44458,60256,0
120502,134191,145448,3867,61354,0
102134,72938,59563,27948,109147,0
156071,26877,3285,76259,87004,1
192031,149297,101141,123583,148653,1
151744,177436,105837,111270,166898,1
155652,3999,107937,37408,65015,1
95692,44937,90571,63387,106693,0
55719,17256,83715,143143,4257,0
31229,38483,65675,106599,196812,0
16945,88304,178044,75301,28409,0
34694,56467,15086,86909,3437,0
150599,194304,82443,21053,50748,1
84377,132916,74497,45399,81609,0
128913,194914,52161,193945,92045,0
21840,173381,169113,148479,77797,0
62235,11015,24454,132226,70303,0
18549,148423,185118,184049,91815,0
20434,193020,94657,87811,146869,0
186757,158745,60206,43316,150791,1
131484,96434,38064,87437,57516,0
172440,182324,117189,45198,7963,1
131723,144285,65221,90596,139025,0
177112,178511,67108,127961,8288,1
141539,152049,127186,104196,143903,0
32842,19884,169689,97536,167847,0
18312,10261,48431,39905,1106,0
48489,3706,50194,182992,90904,0
176646,158024,45577,76596,143534,1
47402,129700,155271,5378,123819,0
78650,41823,76423,107157,37492,0
54657,194903,184109,169337,179486,0
180470,22628,138466,199261,79977,1
123918,102050,145957,95124,133315,0
59207,72961,194671,65541,176442,0
166198,106787,84782,168305,90037,1
101840,138373,169043,31032,151765,0
188230,67947,79243,45696,124738,1
178431,189888,196761,110736,45250,1
28646,73125,188570,52381,50472,0
139516,187819,128883,35487,134501,0
94613,53620,150421,148920,7664,0
17993,95996,63677,143820,170454,0
63696,113054,110114,67231,58082,0
17495,63093,44200,94217,179942,0
153471,167790,109348,54173,45805,1
74814,3546,153364,79438,30256,0
90874,145996,60241,185206,186250,0
65662,149249,151565,146051,181326,0
36269,192090,166436,77464,15967,0
169838,72010,150107,134182,180527,1
186820,120582,156778,199364,55943,1
143240,82267,759,122715,66967,1
171854,111051,57884,131759,112401,1
118597,124282,32994,92711,137612,0
140427,137803,145728,54356,141720,0
34180,125913,170483,95571,27727,0
185026,166918,168105,38647,3150,1
7482,189902,13503,122757,194729,0
80106,6442,120440,61472,194365,0
64867,189928,102367,109079,40437,0
119895,75475,116540,24825,47839,0
122652,161025,140153,66777,27287,0
152900,94983,73462,112544,153320,1
129618,171406,71722,68477,140475,0
130993,149811,38561,85542,7496,0
163949,188189,15209,109198,173958,1
74731,47964,141874,29734,165866,0
143078,49066,125702,69004,51000,0
102002,105171,89188,186456,60122,0
188182,55640,191577,157685,148966,1
32965,14823,69509,131220,23720,0
93725,58248,90588,175026,64943,0
164289,62153,41590,23668,174260,1
163033,186228,94770,44764,131754,1
3143,88973,112495,23172,1588,0
14906,29569,55570,107556,175668,0
2189,139783,76196,125382,33567,0
120040,91963,109980,135608,35991,0
3181,8881,198756,177339,10298,0
135662,26341,131962,147261,104094,0
34399,105304,97989,161975,119015,0
151118,79607,144698,114162,165507,1
84606,125826,99770,90674,198313,0
144552,95384,17600,193118,160195,0
15184,172727,199392,90999,11041,0
3146,181938,85562,73123,135185,0
73031,22428,150467,191506,181975,0
166981,83043,119801,12594,129545,1
160734,25087,136279,62295,162600,1
116245,195006,105700,128964,36065,0
165122,103974,1408,188627,73804,1
35633,132197,170154,17197,59544,0
58397,45172,135365,84781,92001,0
150922,33130,87288,60153,183512,1
93005,126204,108755,22808,35247,0
86569,70056,169802,138256,150341,0
133149,138587,119801,75028,142474,0
41702,57959,95682,60295,184532,0
34839,8167,194047,68522,33218,0
105060,122321,126993,125710,97448,0
179479,145599,196345,56520,152124,1
28113,143331,137988,178568,52868,0
174397,111129,30937,36722,112717,1
38129,7942,9434,38858,166170,0
54982,127496,38771,83021,123957,0
130882,130161,8203,101636,113489,0
93692,106254,100960,78987,83568,0
33269,21218,47332,26094,77162,0
126231,2956,60505,186351,17264,0
191345,189721,106062,114521,176525,1
188505,138128,32074,56266,38364,1
43175,53628,59812,157101,180345,0
188083,78128,22953,197170,117613,1
72180,136994,180935,105638,54102,0
101734,124946,87044,99486,126044,0
74939,113322,179147,5636,103479,0
50228,63595,174805,178240,68345,0
140821,36615,52700,111045,33414,0
121640,165585,146058,166601,155749,0
164915,44390,135665,119937,95661,1
41807,176625,150722,39204,174061,0
93526,180979,47605,134200,165244,0
104301,98771,176820,85084,175398,0
29112,153320,138494,92769,60821,0
73105,149431,129442,166691,19370,0
156994,195356,168542,66619,179897,1
139790,12815,119,191433,196160,1
19014,81801,20791,28268,127200,0
84586,139764,5994,47888,173376,0
91507,171029,147600,67378,107283,0
104301,8994,50404,150628,127556,0
199468,100206,171410,81803,53394,1
2700,120382,95699,160698,4974,0
80953,95032,148273,177258,142449,0
30095,1647,156085,86010,107891,0
191826,86630,188942,131844,115580,1
56046,122128,165541,122245,167303,0
92811,170628,20532,18750,162281,0
22574,171731,168509,42012,126511,0
114622,85806,111981,61013,28922,0
198497,2317,74823,34826,37704,1
130100,58600,68529,101314,127915,0
180563,115246,129316,156535,41655,1
109080,105514,99576,57464,11128,0
148600,48498,94456,154251,180984,0
84517,143832,196316,184572,80907,0
105773,173279,92570,169395,2419,0
1870,170090,191945,98241,83199,0
49170,69700,101458,158444,113336,0
77554,197036,160930,114212,50870,0
102788,146287,7184,182217,77954,0
74861,156760,150598,52518,187132,0
189233,14014,44164,138308,84063,1
13973,86471,97113,78623,134292,0
120620,78771,93120,115425,55449,0
56586,15679,33361,7489,83239,0
175635,9479,18181,97188,72228,1
13992,160200,138831,162338,35664,0
81198,82250,80251,121891,123077,0
91736,198926,188438,84516,179583,0
191034,13892,25559,105718,196561,1
14102,198649,162061,65646,86590,0
74088,151129,140254,7759,48614,0
122259,76890,99664,65011,99639,0
27567,179168,40935,8535,84649,0
79836,184903,64897,75147,104927,0
103815,189718,131252,47103,60555,0
193612,110362,5271,185928,108622,1
162762,67376,115720,194650,5923,1
45133,173174,45746,44331,25324,0
7840,149312,743,93217,1938,0
168908,6731,188541,119156,157961,1
196245,168899,91708,42759,74352,1
21656,120588,65342,187725,38417,0
153480,48485,139371,128051,168709,1
60752,103789,51947,54260,71187,0
153149,154873,5616,24080,36633,1
16173,150418,104211,171103,75506,0
159795,186841,19241,174414,43800,1
90871,91279,34516,83365,70792,0
156298,44866,102025,149069,162627,1
173801,32323,168079,40022,116520,1
189319,161560,36201,64613,122806,1
188052,109970,70160,164519,129152,1
175197,42034,169294,170756,35159,1
181572,63548,172551,156486,121425,1
154877,82169,74463,128523,99091,1
197002,24393,49706,186335,44190,1
122021,7072,35846,186296,194039,0
108395,55686,189553,117852,10758,0
90717,153260,173033,58619,20095,0
188303,76461,14089,141849,151497,1
62746,114842,66641,165562,177971,0
9063,49639,111675,98355,111572,0
9380,196529,19679,116199,195590,0
23652,9923,104366,139894,155037,0
49218,143245,188441,124004,116677,0
187615,113750,182221,126378,4854,1
60803,104344,56293,96025,116458,0
140812,16653,191144,192104,521,0
160591,133891,120728,112527,102906,1
37467,185061,56676,29439,95345,0
198138,50942,47520,74048,151690,1
65008,192321,8003,103585,102152,0
136177,1468,110320,26759,61550,0
48021,18887,94146,119386,8302,0
5845,7288,17729,149609,31816,0
133218,53637,76697,133051,62190,0
73879,198567,90809,21264,194046,0
85837,16056,165239,45815,62067,0
97030,23222,183019,171037,174937,0
61485,57171,45762,173846,171083,0
24199,40361,127265,34708,80617,0
50934,16922,27092,150980,58545,0
1975,126804,98448,35211,71984,0
165325,32489,142614,42445,193068,1
99075,194012,199812,156875,73284,0
56487,25992,101102,179499,170412,0
143207,32331,81834,128808,14581,0
121986,49982,132358,138255,84449,0
29787,156486,36568,192244,142071,0
23105,78944,91886,8142,51350,0
63454,147159,69475,147699,127802,0
198891,141148,141790,103917,47989,1
58571,4038,161077,134158,117962,0
27948,118679,170954,2446,42003,0
45852,66557,10487,64932,148617,0
38464,136667,70100,93693,151331,0
46892,65602,127287,64722,151440,0
123090,39703,113444,73795,178062,0
94557,82757,105580,88739,170564,0
4779,134528,68726,189916,128084,0
102632,183791,87545,96140,5278,0
52010,88897,36705,9045,83585,0
15854,102375,171617,92901,118995,0
1385,59971,136833,82092,194778,0
53740,86875,107027,190250,38878,0
77408,121492,165823,20154,181860,0
65224,96724,40134,25106,66889,0
102382,143497,101015,195497,115493,0
165003,13475,27421,80620,166716,1
17236,115931,181439,111319,184483,0
199584,145650,12003,49740,73122,1
144411,101567,82292,18555,32745,0
121369,112260,151673,2322,84178,0
96471,69228,106076,28694,45702,0
44160,29732,121693,100285,189047,0
373,181508,122797,74918,30466,0
138198,179170,17941,124839,191095,0
83653,68437,141487,50219,136165,0
196584,83136,194942,114210,101520,1
78795,184917,33577,60562,166471,0
181159,24575,127471,44311,102378,1
193829,172187,157208,123464,125930,1
192529,8498,167877,7873,159944,1
104166,74361,155497,157541,188763,0
196517,42851,156668,58624,191069,1
176434,185164,103355,156533,93433,1
85999,59292,48605,159383,10736,0
163141,168130,123985,139421,155914,1
197354,189185,139079,162646,105374,1
2063,21140,107257,45283,121017,0
193071,1193,68964,13703,94878,1
128634,169741,6922,191675,57656,0
135099,161136,132611,3597,31818,0
111575,34965,32807,137186,47317,0
151059,152649,196058,53819,23151,1
159610,50664,89889,189473,106366,1
4678,8434,198371,180685,79303,0
132393,106665,3291,149809,13435,0
59001,578,186638,33431,188301,0
78674,147675,63318,24366,29927,0
153726,182915,156827,189033,150777,1
124076,170404,139335,165894,166006,0
45690,186535,145914,128243,13243,0
49695,88482,66643,159529,2409,0
1993,83085,87924,124687,109652,0
153016,13863,56416,73828,171972,1
177315,185815,141324,139870,125090,1
181529,6885,193820,32734,149167,1
25818,91967,39795,118835,107394,0
78842,18249,26756,78752,108434,0
31428,129659,31987,143101,177292,0
167045,36051,158083,147827,24437,1
94363,26785,152992,94571,124206,0
144534,50057,119514,37732,16709,0
145605,8464,172043,127261,49340,0
61080,130488,63414,62646,96997,0
98686,191424,7641,67967,137393,0
13836,26491,24983,95828,107936,0
143396,195262,182956,160234,34798,0
31789,169723,37655,100577,68699,0
1394,103171,17003,199917,42596,0
95962,136419,39396,173848,132598,0
139927,88982,158113,121261,72610,0
2626,61042,99933,73533,189909,0
188540,32620,181362,177976,153743,1
197509,39952,68958,68264,78245,1
43867,163321,188641,47016,126273,0
15122,79630,185600,25071,178234,0
152427,34310,152307,73730,52832,1
177949,145040,137410,166442,100012,1
75077,53692,190114,190709,6695,0
50347,186417,112445,164050,4098,0
130436,84454,11813,116253,17787,0
165362,43730,60097,50352,81777,1
173369,118708,100104,102572,138433,1
67198,191454,117396,81291,199892,0
69258,86943,126094,118631,95111,0
37509,183501,132120,33509,197647,0
11197,118343,199909,179425,128368,0
103940,47386,54255,109003,152268,0
151733,175534,78336,49112,30972,1
16434,186456,84798,46299,165478,0
182573,119226,8217,42433,137568,1
77005,82721,109887,144180,154493,0
109125,29147,23896,180959,180414,0
11978,143658,95585,15334,39013,0
123792,124041,121172,165495,119865,0
112732,16540,199875,105678,89937,0
120045,40634,198014,181303,156489,0
16272,77610,31903,88907,125036,0
2559,118805,197358,126025,15836,0
160889,110595,145781,110959,111048,1
45516,198144,138647,170442,151603,0
55918,44566,127901,57510,16377,0
58695,158789,64064,34751,137550,0
36174,62733,108665,99962,6348,0
165239,46469,94414,67690,159975,1
66976,132373,29219,177332,39206,0
53871,155466,22502,56333,81210,0
148453,15607,60534,41621,107589,0
154357,73872,199417,170249,68408,1
114684,102691,159037,106851,153388,0
118682,44084,75315,23509,8285,0
82846,165468,66114,6032,131184,0
184914,116780,114736,53365,152100,1
13323,94635,72238,117222,180826,0
19420,108469,50095,51193,76893,0
179365,176886,152064,178945,121447,1
41108,140325,106121,94367,166193,0
6873,60336,150229,108972,171040,0
116201,44425,42793,164889,163215,0
159156,170803,36573,112121,78642,1
124900,104535,105302,32287,63993,0
79423,34777,181360,2708,142011,0
46371,164056,65947,78095,30128,0
176926,176355,166612,153882,190067,1
141463,99555,1699,74992,24328,0
4216,97734,33887,95920,59084,0
167611,22349,75329,168302,137491,1
161334,154484,47621,193468,143793,1
135511,123400,185484,143593,45022,0
88324,67608,123881,148269,11310,0
5044,169500,122355,120762,46923,0
34673,81596,107200,90054,115697,0
66602,128105,181941,133454,184439,0
133432,53823,77279,106939,84250,0
89422,122991,10712,145395,68672,0
12123,123122,106572,190,193476,0
142248,98956,176847,55186,139900,0
73718,187739,119483,162497,64563,0
103213,197294,128095,124724,103538,0
95728,47262,137062,191332,62548,0
168900,199620,78635,192041,121491,1
149282,169336,69017,102907,108472,0
98809,183252,32899,120195,58182,0
8713,190511,87721,120427,113706,0
81898,150562,48271,185161,51494,0
174837,13808,3020,109363,41346,1
34467,83814,23342,157710,63464,0
74905,43688,162578,191028,199781,0
27803,85448,70379,58697,63400,0
194907,95303,40543,177780,177215,1
124813,165831,71785,86171,139519,0
6558,96990,187230,42619,52825,0
135444,86939,15643,96518,148418,0
32122,121585,128532,4333,87035,0
186816,113579,7478,62540,80997,1
185732,157365,179845,93504,65073,1
7223,176434,56343,195796,79154,0
93632,144650,606,59762,101901,1
62393,5363,84148,34513,80448,0
44755,14628,93372,197992,102428,0
146551,172353,131807,30846,123536,0
63626,122294,194619,54860,143717,0
103143,73504,42125,1020,43550,0
84904,183006,170494,61537,114364,0
32683,120098,145765,93153,97384,0
96583,56509,108723,31140,45791,0
92098,85233,87813,172612,183286,0
181068,165148,60443,101558,120179,1
185480,32361,186323,105700,181647,1
181743,43021,168633,128722,14600,1
118278,16267,140899,69306,163916,0
95010,21822,64705,36058,140532,0
177626,112811,193227,98360,115790,1
13688,70088,7647,60579,167233,0
30599,171504,127017,14228,46589,0
28849,137900,92388,140615,78947,0
61940,18616,127930,194853,18980,0
163078,184120,22626,22240,110749,1
36611,83029,198141,32419,153405,0
61655,173658,106028,56244,123626,0
115228,105195,104905,131255,21053,0
25788,50288,119993,176278,99963,0
50335,196916,114767,118381,20,0
72455,193993,26033,99180,84224,0
35956,102597,55905,1271,72475,0
136053,199550,127387,33217,3545,0
25152,78785,106442,173150,22125,0
151273,83986,77930,61268,198730,1
69625,38907,109801,143223,99291,0
160732,194869,1744,58473,142776,1
195396,10046,67631,2103,161785,1
27436,46238,147081,77032,137064,0
31677,192713,4170,154736,146240,0
195844,29764,69091,189124,46972,1
123224,109903,87949,67884,51706,0
193636,81822,121501,82793,180915,1
62061,25013,101239,8444,27148,0
115214,24439,86415,192713,107578,0
60034,163705,83763,190232,124268,0
168927,59158,78726,188129,162623,1
182045,152277,175128,12208,26789,1
4234,66819,190257,86284,163642,0
145286,151739,87063,96805,180424,0
130371,29703,84888,116707,53621,0
184566,110618,58169,134081,139104,1
93028,84046,158869,74588,47075,0
28828,37102,98140,72739,107026,0
100329,75574,134019,179352,117774,0
16419,45258,116127,127102,16233,0
149775,85465,173660,11614,83426,0
72899,41885,44639,63988,134075,0
162216,180679,156277,189517,149289,1
56552,164066,106647,142858,33876,0
80537,4109,129257,135592,8150,0
80663,162696,20544,185282,123098,0
160804,186498,64909,57229,147396,1
146859,183481,120953,21485,154910,0
158378,66890,67781,36014,174178,1
138364,103110,46532,8419,84280,0
31953,7879,149013,75719,37630,0
131622,175970,113803,172301,91144,0
148168,101061,17163,92782,17656,0
52277,138505,119213,10155,16084,0
8554,17836,134620,56321,195467,0
42338,96159,28494,7463,61791,0
62654,35341,60424,40931,124353,0
137748,105295,189623,191363,151800,0
154947,619,172620,76070,116579,1
50609,59952,71798,36553,95458,0
160258,118306,67811,12773,176441,1
150267,2618,184375,119801,130432,1
29605,27588,176128,72749,50148,0
26106,174730,38723,118865,58486,0
43417,28055,52054,39421,166944,0
59564,24196,34505,144473,92675,0
37039,5174,99307,4211,72208,0
45967,45159,22105,142310,23792,0
196501,89712,170621,125174,185023,1
153117,89347,178812,176910,108046,1
61293,171127,14114,13807,29648,0
166438,27450,34688,92528,187117,1
96136,33454,180399,130224,62535,0
17535,165947,181939,175507,36780,0
145030,193345,161826,187687,146462,0
17663,78353,49353,9242,164093,0
169193,35314,144516,51025,173349,1
54316,133184,16263,136250,115651,0
59342,198237,170302,125070,52184,0
5047,163958,127428,109851,159183,0
83121,27212,162986,59710,34425,0
19979,129508,190007,145666,113212,0
25128,149727,87437,64057,88792,0
172231,168580,50054,23296,19703,1
117876,46362,26803,2525,97328,0
146115,36606,48469,19495,199927,0
136548,7915,57013,190733,145044,0
91813,122273,188379,21231,146268,0
36907,133694,101872,127454,151508,0
56749,199861,13544,155369,117579,0
191626,139354,60771,856,36711,1
112995,92277,142060,92475,63743,0
112956,153109,172259,29195,112511,0
73009,55663,146560,55145,146643,0
119699,88247,112284,22177,16212,0
1739,90090,187923,85181,107890,0
192660,94859,120302,157620,62531,1
5862,27389,113403,39717,154773,0
37106,127311,92043,97528,173163,0
144271,126409,160544,178527,15577,0
161805,103287,131081,126531,151910,1
101919,174726,77321,86030,73705,0
43231,20295,73450,120894,173301,0
146738,189489,143787,141913,108248,0
81869,20989,179004,16326,8723,0
95252,163565,154941,95989,126829,0
194821,102700,84612,2698,31753,1
197579,163904,191110,4738,33158,1
47926,142308,75914,140797,22222,0
130467,198005,129025,68216,23626,0
34399,120505,102895,113566,13396,0
104951,151002,40967,128,190580,0
160052,146661,187265,18423,91944,1
166181,60126,181069,101091,190508,1
33486,57531,95696,130639,117904,0
37443,171736,8128,39053,106721,0
117089,19318,79816,195515,109643,0
161899,176534,129423,18103,170042,1
25810,100790,61241,83244,26614,0
133591,62796,186578,160958,18509,0
64378,89728,146569,155585,170784,0
112792,74726,145010,13101,97544,0
157423,98362,183581,127966,36125,1
151247,126505,97383,18886,183156,1
5044,45850,43449,157635,5477,0
133794,13756,167777,6010,181327,0
5093,183005,57687,150790,128439,0
107752,21978,5933,192687,162730,0
123612,100446,130457,157997,68429,0
149484,97428,110575,84654,23742,0
28067,166854,182525,121990,41005,0
53219,172819,147182,182652,45332,0
23525,167229,198753,58700,187410,0
104855,187149,173890,102438,73650,0
47128,73483,35328,140999,105049,0
65182,191555,104342,123260,60344,0
99672,34708,194522,124373,150018,0
153561,71594,3496,51355,49794,1
43190,75091,137241,167316,21054,0
122401,111777,87134,199843,48547,0
165427,161916,185133,118775,174776,1
196404,154971,67469,38863,120684,1
54812,122750,113402,116465,76254,0
2889,6070,150346,148918,151294,0
194893,116285,109783,34024,192648,1
178562,41123,38533,165591,42068,1
14601,101490,6607,14424,178557,0
144644,175116,31057,69815,72306,0
130121,6878,128517,62893,68501,0
73655,112653,40451,164763,102104,0
128973,46979,168007,120803,187637,0
171647,164805,26844,175918,18266,1
181166,120824,116743,4936,123893,1
98574,127942,65713,173720,161961,0
169420,155273,150284,141667,45848,1
126253,149641,103846,111307,99922,0
81188,34550,38918,109187,25921,0
69052,45500,52168,163539,92296,0
81793,176239,84301,173717,175217,0
173962,35167,148850,26814,81073,1
140116,148502,78256,26689,77488,0
79618,181073,148269,79502,135019,0
158228,97601,23078,182864,122104,1
110364,133063,15196,42093,173494,0
89292,75712,118844,120930,113800,0
64881,170226,58696,136936,134376,0
195958,159727,187737,87887,71054,1
40909,169380,40686,51285,148035,0
90401,87641,197648,62403,113939,0
19121,148047,171141,104583,166340,0
86002,48408,24374,155724,15853,0
196813,72208,44152,144798,4728,1
47899,128559,194335,102990,33716,0
2170,149830,120165,36754,183629,0
103907,196562,106647,8388,45253,0
132164,52053,106014,144685,114690,0
106474,136991,84083,30983,119219,0
13374,84616,37748,177192,174077,0
118851,63265,198949,155430,68954,0
197458,51030,190507,71434,171068,1
191593,36477,189325,75798,67711,1
156360,116820,86138,120716,14441,1
142127,194980,150398,181895,180184,0
25658,143420,73566,111758,35299,0
162396,2485,47131,33539,73902,1
185880,22387,60384,3439,66697,1
74182,53654,198142,115080,158993,0
3168,176876,78336,148199,77656,0
40158,60349,42370,186448,1001,0
186597,175084,169281,85245,156145,1
120219,101351,112435,88350,57494,0
144209,7282,174716,22135,117358,0
663,67579,7810,114539,169046,0
57437,92678,2793,191461,82875,0
43294,61114,67188,23814,58964,0
78211,93803,176722,183619,174525,0
69190,133574,38399,153420,135920,0
154570,114096,24453,42023,109348,1
148162,44786,139990,116403,10697,0
130245,175904,14630,94956,74539,0
51187,88940,164365,136831,85714,0
133430,158052,195501,137771,42535,0
67814,14779,9566,126674,50800,0
168180,61651,108032,131508,179500,1
23191,108695,82576,9786,53868,0
116674,34660,109830,144990,134043,0
62423,36483,177138,46175,30862,0
67748,155494,91822,135555,62831,0
97359,112263,128713,68989,172544,0
58022,174261,110294,23500,124273,0
152264,127680,149716,87083,12363,1
159321,57622,120243,859,1815,1
6610,7233,163864,25833,167483,0
101721,125780,154515,150287,172903,0
66826,150398,48178,86636,191880,0
114931,83156,98933,198824,7149,0
56650,69023,54902,76050,154362,0
197776,112739,193109,44020,75459,1
129201,73551,59930,33539,64433,0
124785,174893,50480,18539,44686,0
197114,165887,137550,149504,113430,1
102337,151000,72881,142926,119362,0
104880,188868,176895,68234,196914,0
80243,91392,39522,172986,53906,0
47620,75359,15401,192951,82285,0
10305,164340,82276,137082,119679,0
197589,159313,166556,37169,186997,1
44978,18143,37270,71878,122158,0
151189,116772,28158,129769,94003,1
146884,157237,66866,142945,191383,0
25391,165657,61436,2212,175743,0
130045,97329,165881,88819,67380,0
155797,184849,101089,92838,17716,1
174413,144323,52572,105272,1674,1
128963,44687,71695,69109,168123,0
148128,99973,159454,22762,101675,0
134345,162765,126444,60876,151702,0
173940,17640,167464,91854,175879,1
103903,30809,72137,160615,2912,0
121333,151845,93005,19738,115283,0
193716,97456,56329,12762,87255,1
118191,53275,41943,93852,70658,0
185186,139239,36658,5210,181586,1
129952,150496,126024,142481,35018,0
62515,119973,120984,118951,128490,0
182429,71617,160957,41452,19645,1
65646,25411,15394,21762,40808,0
2721,39659,72549,149963,187890,0
157391,15562,164158,115557,157111,1
100715,41615,122171,118293,92317,0
174426,98875,196987,24819,12394,1
196879,74497,162586,139246,185766,1
191688,172114,181841,109308,188177,1
98539,52863,9733,136552,168527,0
147919,101220,140131,50875,184445,0
30620,86489,196628,77546,185204,0
138468,50379,69634,101940,150136,0
198469,41511,151582,51043,97738,1
106142,162076,129256,76784,69765,0
104970,140906,113122,30392,170772,0
138348,153567,30483,17633,76489,0
6824,147739,25141,159091,188567,0
119778,53126,70908,186513,106765,0
63711,11252,135672,153026,71934,0
156853,194463,133061,184522,26534,1
182150,73707,108954,28495,127963,1
51994,48450,141733,9569,143456,0
8056,94948,173927,128358,139516,0
112749,7539,75648,142193,25598,0
38708,113126,171709,195678,148441,0
46477,150852,43455,197787,125155,0
23281,151947,122479,199097,51373,0
62488,3721,191014,77036,184583,0
66148,123066,142599,118605,124899,0
137438,87919,158720,89843,145736,0
78726,52368,53315,142436,6005,0
171724,100813,74287,68967,67947,1
122681,124912,49064,186616,103755,0
40563,45647,144725,759,71090,0
174337,45708,22194,126715,151625,1
51121,166333,88584,56411,108408,0
199122,108780,132830,123583,150541,1
90754,38568,35292,87169,155920,0
155513,76825,161018,199757,38397,1
170377,27720,68661,127368,129926,1
32724,16409,58732,30273,359,0
153690,19928,135207,26425,13956,1
70492,188801,34642,158196,28144,0
9880,7070,100401,130449,40155,0
11915,58729,189501,65085,141059,0
199431,163775,17926,94013,91485,1
163112,85559,162825,176463,80174,1
74613,15954,71729,5225,61352,0
113798,11935,81799,186710,74440,0
59286,69711,74305,91287,110023,0
108488,23587,142118,42396,173816,0
149524,195183,150362,54313,20913,0
141616,150533,143004,47611,1575,0
171785,148784,56481,143547,42626,1
168686,18025,138238,83017,194740,1
97840,138173,52929,148271,185982,0
72125,115566,156792,13523,67609,0
101472,134756,186282,189924,76874,0
36395,87933,152386,199542,25504,0
4079,57186,4040,5020,122863,0
110585,170269,3891,130205,78155,0
76141,135493,111612,45036,126891,0
144652,149658,107008,84092,32180,0
65227,36379,183347,21094,193954,0
68250,112630,60655,194266,186686,0
196583,70851,144049,79249,105460,1
77815,100108,93222,122973,92741,0
178932,42420,114157,131146,188298,1
90429,149299,85915,30648,174712,0
90021,190614,188242,58170,118399,0
10876,14234,2956,83421,132532,0
35167,11675,43195,67166,97619,0
155953,194975,64011,29597,67050,1
68504,86032,130977,196071,28362,0
125845,45082,191081,128536,155693,0
164783,199472,6930,192745,34477,1
8929,174514,181135,1734,86841,0
61478,12692,131765,81394,123545,0
187608,137347,38554,4378,182703,1
145185,139865,84340,105106,63109,0
85445,29101,46692,77055,82108,0
98961,183608,106112,58392,156917,0
35817,38521,109200,79156,74316,0
148803,58551,189679,54360,50479,0
62534,81711,100360,11152,128428,0
60919,76562,163891,1206,174535,0
71876,54453,133865,48711,17645,0
154536,103973,42311,156331,128249,1
81152,2545,174663,61099,127591,0
53223,148115,186522,93668,4030,0
44706,78261,135398,15228,138777,0
193122,112804,190034,195006,93406,1
7233,157173,171341,41536,36331,0
99602,188383,196887,113566,138625,0
136998,85794,143167,41819,2948,0
171716,167229,169012,77652,11491,1
14085,184915,8107,172563,68553,0
63930,108102,25111,94772,78003,0
62989,14090,174545,139610,105275,0
66268,131465,107933,56455,68312,0
122883,40100,192129,125485,157549,0
144627,84910,71767,123662,189847,0
69844,193396,157081,131117,102619,0
165681,82139,60422,133420,28643,1
70320,104728,76805,90129,168386,0
101912,11976,199950,57035,107903,0
171379,27512,143683,100591,44060,1
14527,34857,193475,172648,156356,0
162584,192776,31092,154886,89340,1
106633,18374,176969,111667,128544,0
130673,89865,89510,60950,121608,0
159295,18457,195641,45461,180495,1
85310,190684,138792,176091,169163,0
96594,96598,82704,96020,110446,0
8584,109150,68847,30299,174483,0
115591,7761,189761,15137,157784,0
148870,64070,84852,90886,68795,0
17642,28625,62957,180165,144791,0
71939,178857,53157,15350,96253,0
81335,96949,47150,133163,169854,0
69322,53688,123292,53752,142422,0
156639,187776,184471,104004,157551,1
189912,100934,34285,18119,1461,1
80753,183633,121413,28499,41025,0
89383,63741,135650,198919,101985,0
152442,194369,151655,141375,178830,1
43755,41225,131326,51770,93948,0
126361,71300,6643,96766,20298,0
186760,15777,199803,52878,182866,1
156567,104939,39042,189485,149104,1
172886,46738,81921,122208,2804,1
40044,14513,66287,124196,107274,0
52131,64307,134323,31151,84759,0
113311,158965,75602,186124,110125,0
109486,39837,129766,168182,14389,0
141708,81480,55967,86493,13941,0
164387,93099,184505,51944,119414,1
79313,162401,121585,165844,199914,0
143174,28852,179630,52194,114301,0
70316,52308,17740,43867,103206,0
64766,26691,155881,143873,92912,0
120640,195349,190070,163163,122198,0
114035,32423,184804,122271,32053,0
39786,191868,76422,82895,80871,0
42970,169857,141827,197904,101603,0
18991,45735,85925,100875,181229,0
148489,20746,108158,190685,156948,0
56501,175136,59266,54577,119900,0
54615,23036,111435,42819,127624,0
173558,78896,128034,184358,15211,1
65615,15586,168546,98928,8873,0
66733,98319,171606,30551,60092,0
105360,39952,183367,55770,7184,0
10570,65425,139387,179003,124278,0
20019,10796,164881,153899,50139,0
95928,128406,135919,4153,112424,0
140626,175728,69940,26642,21062,0
22885,34156,28918,154672,139209,0
25721,101074,134546,49953,109054,0
115292,62573,119826,144809,45277,0
57686,15411,143609,137324,126202,0
59820,126446,43392,154603,158621,0
196465,11773,124221,11045,113991,1
9046,48163,163259,12813,86429,0
42871,74178,163792,141363,29654,0
121403,2779,13620,16617,111286,0
73924,3643,34750,104638,77982,0
78907,192340,122575,100782,47630,0
44514,172074,161096,72781,104654,0
185836,169386,152313,5140,155221,1
54158,188905,83924,141975,143271,0
40660,166082,39613,84970,184835,0
15200,102149,179669,51612,76989,0
174566,25934,154563,124244,164252,1
22188,114181,106696,31700,161308,0
141931,4129,85106,30737,199223,0
112290,155608,49776,116730,111780,0
37794,51724,181398,116255,62441,0
85129,182752,102371,74748,181112,0
12621,54608,167890,13681,3319,0
56367,144651,129808,199882,152922,0
88058,104007,86690,91401,198641,0
74413,59329,6258,34047,76433,0
68292,27433,21784,32880,194259,0
101110,47529,114350,29286,30252,0
61773,163919,90527,194710,184648,0
57293,15635,98880,170187,158307,0
141667,198158,65900,152031,54770,0
98041,182635,102692,63992,137656,0
80851,85730,172696,12644,30322,0
77121,6197,84675,109755,142508,0
64381,58597,194421,143040,103452,0
6740,165988,146179,54494,31878,0
181670,167931,151289,132319,155163,1
131167,6868,52345,34063,50745,0
189914,149736,133583,123690,152677,1
144381,47568,26727,114939,80792,0
63745,65451,156102,198545,176544,0
184927,161292,79402,102713,130553,1
36017,140889,120509,152088,151021,0
30583,191075,80024,170557,141831,0
12691,67438,82022,63869,38945,0
192871,177968,110395,103762,52908,1
11533,73656,167272,173514,148661,0
40896,47687,173211,30499,43771,0
64623,197840,42078,49283,173771,0
26720,107510,37537,175590,23835,0
196968,177636,51207,23554,163884,1
4417,197948,180899,171728,154994,0
181724,54413,13839,138724,195292,1
75243,120142,105332,159684,72794,0
55431,16125,159446,24264,50313,0
130351,154650,98352,187776,124242,0
29866,194828,37043,130190,78099,0
100867,162711,152294,175326,76007,0
76781,80618,159823,78208,17806,0
83247,69431,50349,188879,194677,0
13820,76711,145924,29772,121187,0
49373,5901,73290,183773,116794,0
151141,99625,52645,6087,180253,1
133278,131077,9584,73900,144696,0
51778,99356,154776,66503,178915,0
64357,46096,89809,70607,90867,0
145779,41620,43078,75438,130103,0
20671,29442,177984,195387,166868,0
161266,101178,103303,28745,28707,1
29256,194233,155440,123789,71542,0
178281,60932,184100,188694,101687,1
88374,20901,45741,4230,59905,0
154465,193532,7570,102597,110396,1
69799,109028,130816,18959,50758,0
8099,137031,58821,47398,90325,0
91511,189352,85549,60290,85272,0
109252,153042,103951,46025,66621,0
125266,1309,135726,19338,176781,0
158605,24168,59968,22764,60236,1
160645,192831,160020,12835,59253,1
153280,25169,182592,7383,48517,1
78725,159684,81476,135326,99124,0
49377,76003,154109,7295,23731,0
83436,173182,63776,148977,191096,0
74444,47352,36750,80873,35795,0
168339,175557,192993,13226,160881,1
40357,108381,80626,43767,98631,0
174986,93979,85121,136201,42499,1
144893,134906,16819,1431,136600,0
190808,94837,164471,127004,116666,1
159160,58586,148176,53091,36705,1
62236,120321,16099,49101,68629,0
6041,179155,19074,41906,161042,0
29442,126946,38013,177545,118250,0
111308,12875,98019,7824,157938,0
187395,99714,184064,52585,178103,1
145836,146215,99754,155425,46077,0
93502,185839,88466,89567,49974,0
192120,121894,73140,104067,78854,1
63208,102138,90686,44143,108924,0
146408,28806,59820,86129,125547,0
35971,20170,137354,1667,162086,0
57173,98924,19344,105656,53879,0
10046,32575,31134,3552,138489,0
192045,109513,96453,73682,168811,1
12396,50032,81525,179777,68169,0
113551,15716,144104,53143,101334,0
10158,123661,44245,153598,45864,0
83168,178238,182798,110429,11913,0
151005,181639,5291,147468,113940,1
61777,120486,26618,30532,166162,0
96204,29226,139468,147538,85411,0
122361,187217,110370,187821,137974,0
84195,12993,33947,109191,48902,0
42627,153934,86207,163,81956,0
47140,141657,176888,88372,37590,0
51297,152947,122331,96425,104401,0
194400,33926,84200,61323,86940,1
39948,29721,32248,150965,113232,0
66037,112810,107412,108267,70532,0
153635,120728,35160,199303,74513,1
116974,21117,23778,83672,117812,0
161479,121365,197808,2268,194252,1
27940,168864,28361,65426,190949,0
188267,157112,6106,5838,27111,1
143672,187089,14547,84833,97119,0
194584,45913,187695,87515,147664,1
13434,76538,166222,57627,44116,0
37676,199905,124024,189516,125946,0
128181,76730,190960,151392,59130,0
28980,152997,32938,93195,44179,0
16180,87366,69637,28371,190781,0
78410,78689,196811,159071,41174,0
180999,101337,118841,114111,152238,1
60609,33849,51387,3342,161874,0
79612,107501,78874,188693,129123,0
84774,194395,164350,50665,21957,0
153679,54743,120413,129974,123599,1
92527,74787,80985,10553,60308,0
21801,97422,173321,41384,145186,0
66343,177377,8680,130553,195892,0
57829,115365,91559,193220,165848,0
141264,37139,140395,18736,126203,0
11892,121347,101974,130015,156223,0
127017,112437,124394,139529,44064,0
169765,12439,67488,40180,2438,1
86846,71139,151317,113439,199438,0
198518,187367,7908,19847,17368,1
87055,55578,22520,69531,26212,0
58936,69125,82975,183817,167576,0
47969,67088,65271,40293,178162,0
4287,66819,69633,135656,64627,0
32643,8065,57853,180357,171973,0
9046,149901,19141,56126,47269,0
11092,11490,155348,156438,35955,0
32033,2963,71047,55344,7414,0
51326,110569,115054,183468,172290,0
154561,195789,10510,158565,136077,1
32314,199270,156,96502,33519,0
62537,31115,82545,22569,172905,0
216,92478,154751,164658,105523,0
6666,149369,193978,31299,123120,0
114638,3251,189682,169209,111487,0
195657,151408,112340,127826,15502,1
102820,101010,163252,139262,199466,0
21247,147510,92347,97028,146230,0
91950,110453,15466,45426,72112,0
140751,2736,135078,85440,11185,0
20178,73582,55337,56343,64285,0
42682,102027,77487,43071,163748,0
66699,126580,37574,19674,135086,0
17486,189479,2521,42013,42412,0
186660,23934,185288,33866,153362,1
192229,175857,136100,35455,20055,1
118942,187499,135838,111917,101104,0
154318,40423,194021,12748,18284,1
22439,67731,138956,95308,42936,0
7291,66850,21985,6206,98030,0
152558,138833,151545,83288,59984,1
127444,176249,130863,133565,94206,0
111777,21981,149978,151070,83527,0
176196,41485,192258,181651,85142,1
92997,57602,118894,176547,64959,0
180109,85924,49361,12016,153258,1
23193,194143,70852,143757,81145,0
20799,19188,36626,70535,111910,0
141523,154999,40346,42992,185170,0
77256,53768,191279,19521,38923,0
69480,57938,14149,160248,117021,0
54009,65047,51616,161723,168445,0
89427,674,107750,187634,148869,0
89889,190996,16494,184055,25200,0
87190,97270,191936,91288,145102,0
78670,74497,158075,99302,60898,0
130298,64012,164685,119136,13334,0
133928,123631,61783,17675,118331,0
22983,160362,162427,82217,45709,0
73517,139156,40,36732,17744,0
78758,25820,93126,43462,120544,0
161188,130729,123892,195567,75594,1
149073,97478,10500,62151,27427,0
17438,112217,115434,33364,60334,0
65004,17068,145534,122068,180457,0
195382,86682,57661,2643,78085,1
68620,9622,191454,104024,26208,0
90977,125951,118889,105343,193365,0
112611,8781,24795,85277,172165,0
98761,175524,74536,33484,2078,0
28567,157745,107405,119174,77934,0
126635,173609,7993,156658,47300,0
7560,144552,183963,96458,142399,0
134236,2878,16663,79806,118285,0
136492,16306,149490,83738,16588,0
44686,26961,169498,83661,78959,0
133487,100776,188539,156239,122082,0
162578,60033,180631,80050,153432,1
74277,30115,190323,53270,96683,0
26797,131162,92115,182061,34114,0
41758,49681,76547,148824,55946,0
37430,154331,189308,15772,124604,0
39675,165144,21926,181450,74560,0
85563,110222,173037,26037,5531,0
89202,110063,172912,79710,51511,0
61600,84451,3358,57429,196664,0
67585,176107,13581,40184,12797,0
11828,172296,58731,76454,54724,0
6589,193200,140574,87071,24769,0
7592,70988,57201,152061,162837,0
148951,185870,17872,20964,104851,0
111139,36576,173904,89148,170685,0
34704,143441,110044,43539,166514,0
160639,75965,62272,134104,105225,1
123689,182644,178093,131435,74564,0
70980,128123,82218,153150,65547,0
18925,144811,55476,155026,80205,0
176729,156437,48092,11353,3294,1
51607,199166,74098,78560,58722,0
165247,196172,12135,121676,195409,1
93906,174948,139304,53029,141060,0
62023,105569,125860,8756,153410,0
72289,10333,149865,33546,171414,0
184195,56488,41521,31414,167005,1
121988,104407,67641,145797,33050,0
109989,26463,43503,79486,176224,0
194421,103764,57965,102534,57133,1
23098,34842,127575,40577,166816,0
188906,91266,39994,33512,25769,1
5506,70591,75119,74942,175289,0
78949,5885,182978,49633,156945,0
45743,110943,123546,55722,79209,0
2641,107502,131383,45365,134793,0
49345,183890,170830,186220,194923,0
118124,16052,28846,111278,118359,0
156866,192745,72384,31368,57879,1
53858,18046,120856,53868,144783,0
2153,36740,141861,73184,58371,0
163068,134062,81091,157992,76718,1
161493,139492,69143,69293,16449,1
150824,39874,144709,195016,76561,1
38063,116331,124746,85945,123866,0
3996,61656,33670,12017,193943,0
146976,13942,140388,14282,167868,0
7205,2503,13801,81796,11721,0
43879,77978,116669,48040,165425,0
90645,87079,139760,144775,104952,0
92547,70889,107343,14245,122059,0
35669,4534,49876,88624,167216,0
46514,176465,21825,185062,100115,0
183561,32822,49227,142899,3955,1
198497,170078,108454,83983,131506,1
105043,99002,114381,97501,135486,0
195268,149755,125739,186395,111373,1
16653,2612,131795,42323,51875,0
107843,141278,103570,127518,64924,0
197894,78786,51317,97739,75879,1
38907,22512,44258,107273,3572,0
57452,147164,161021,26548,153444,0
14398,58752,96792,154326,161301,0
161156,63533,181886,174016,23115,1
13883,39443,86998,155605,83431,0
41673,150246,191402,98903,63953,0
142994,72805,125105,116398,169739,0
62670,35892,93721,43145,75482,0
178681,44503,122816,186945,58281,1
113498,133937,49997,1553,29206,0
18027,65736,139603,104971,37721,0
167772,63609,93263,109718,6896,1
158509,9452,44937,23807,38639,1
166290,139294,188697,40190,110092,1
92323,81074,185834,198646,119959,0
149742,71673,113182,96823,2529,0
89158,142042,192735,144786,160675,0
134458,102702,50243,33807,125752,0
83935,71990,18162,10923,13200,0
76707,44800,165747,185772,73388,0
183556,123130,58547,101791,32169,1
184408,140645,119531,192227,161328,1
110826,104793,31057,192559,175111,0
59078,151549,109498,31271,41496,0
60775,4847,128034,122961,161242,0
168483,51969,170446,183590,131973,1
61927,67692,52377,128120,31640,0
29306,100442,71158,110261,135965,0
80571,65713,180771,44196,22007,0
49970,157343,77129,61055,117951,0
63820,175887,155272,181683,10792,0
170811,96088,47528,106405,9549,1
135702,170551,132967,131271,43955,0
101126,143311,140234,45797,110142,0
43610,179784,123214,18548,195995,0
167292,58136,53965,36776,147485,1
151858,195005,143876,130794,65613,1
154330,17272,121314,196676,92908,1
13654,135202,127031,59674,85484,0
194629,160277,70565,159984,66903,1
177462,122884,199112,155643,106399,1
84812,119146,92315,14182,39895,0
8915,165519,13746,44866,37689,0
63306,172803,73659,172825,184888,0
184310,94629,124624,9662,131617,1
127244,4405,120460,113246,92985,0
80412,146099,161677,95336,27994,0
100839,196442,150824,132404,26079,0
168464,67530,144388,158747,144804,1
120224,168358,139319,173657,110520,0
176491,181928,87553,3401,94186,1
171583,8404,186850,19621,105604,1
17874,79519,105391,176455,8025,0
11403,56834,42462,129371,111495,0
82947,28652,184349,159054,123391,0
164703,86865,73852,147938,178768,1
121085,82469,104541,20763,70418,0
171692,106516,187840,151525,127235,1
187844,149685,109424,28177,98783,1
183914,161280,186233,160017,68818,1
65792,186395,199958,149072,114794,0
89375,142491,117442,116460,15367,0
182682,35996,184712,63770,154227,1
172451,192475,85782,124078,136102,1
57273,35211,45871,36077,109612,0
106610,112838,151087,175009,174655,0
153892,123849,105052,195274,108007,1
7914,8195,181412,82999,105314,0
54830,72669,194030,35169,65127,0
41658,75489,189780,119993,174576,0
179096,176048,93850,115440,100092,1
197816,59684,151475,187218,43241,1
153893,85390,149261,60978,153750,1
126710,114176,24735,104186,87239,0
19658,95698,131532,23643,94078,0
162125,188722,42176,35333,64674,1
131036,25855,82298,177792,52719,0
123292,196470,133928,19206,98163,0
94455,158317,99820,178153,11114,0
72952,130915,33805,55548,189560,0
145580,125799,63082,63483,174058,0
64979,90972,41086,184948,83870,0
75853,199545,92557,74312,186073,0
69782,93881,94887,40627,2993,0
7645,41600,188922,175983,152365,0
116053,26850,84651,171821,42820,0
168542,53857,90644,56821,134769,1
187119,47341,173979,33474,43438,1
121705,149434,175505,85886,158713,0
71363,152448,56063,114324,179679,0
15741,124783,128073,87559,38105,0
147800,150530,189347,104618,98505,0
83889,74507,14262,68787,89658,0
68072,22640,145027,198439,145152,0
185138,37227,197667,16216,11656,1
162866,80264,11578,141054,150749,1
185958,92677,71461,44594,199310,1
72217,189638,131315,114745,2249,0
153751,97617,191899,189103,30396,1
177878,34255,187594,190925,121160,1
80163,37177,177146,41926,123410,0
72776,84213,60620,57368,170281,0
127301,111377,125664,188783,179487,0
65339,44669,116311,30812,87803,0
124416,151368,74420,110101,197217,0
25849,140386,51008,58219,43925,0
106696,24267,101852,119404,98154,0
45641,6741,46023,70614,94858,0
76533,179068,44842,83927,60594,0
198415,106130,23761,109579,165029,1
85527,67487,30333,30502,11671,0
175413,124671,7910,37943,125680,1
131041,102333,96023,95327,119905,0
142415,102779,160811,57950,175500,0
14880,104047,122310,37650,183222,0
31323,42773,112271,86743,46659,0
131697,103623,197245,108210,68117,0
92136,46528,18787,95913,114844,0
125527,153296,124459,79824,134254,0
128904,4337,32068,175913,99419,0
117610,91277,168020,10441,36667,0
89014,110708,3201,156003,12999,0
94576,52830,18031,85055,50651,0
51098,165465,140745,7227,123919,0
178269,170757,56444,66298,36587,1
123840,102640,195593,107671,58232,0
122059,190478,144798,165809,124791,0
49540,191480,119435,82161,114227,0
162640,93633,108842,156159,79430,1
96802,123029,31764,170520,5521,0
194367,174495,5560,195881,139944,1
179900,163706,30476,190202,122800,1
70099,112346,96374,45958,854,0
361,23066,195245,184231,36956,0
190883,61038,85868,10705,128117,1
113814,119982,162682,58828,170814,0
86109,98575,144569,125683,134993,0
54323,43668,28437,149822,186907,0
51528,153586,79680,50558,89339,0
96107,130215,155002,49255,174915,0
133184,114447,48002,62162,22281,0
124634,2763,195919,61191,91373,0
121760,35003,140394,185300,43917,0
190050,59955,184105,90252,128397,1
107217,22611,106154,179737,147141,0
71656,113265,196052,518,136483,0
143731,137142,178340,173122,184862,0
172746,80989,78987,17075,152319,1
147417,195414,40692,73263,23671,0
182090,133327,66734,151535,54756,1
170373,151781,60451,97397,189963,1
124074,36026,58488,3050,43361,0
65855,194199,140611,97959,146693,0
175372,138790,38193,72750,49580,1
95282,181783,50787,189776,159768,0
77234,165645,13665,62238,159088,0
168534,59044,104877,88333,152397,1
184787,42494,105941,162891,135003,1
56042,25817,32644,55075,1690,0
44688,129621,110807,143064,11948,0
134398,33353,140116,157285,140207,0
89617,182683,150133,134183,149359,0
178396,119801,177215,157694,56869,1
60943,162914,10180,80277,160722,0
180299,95099,101144,16651,131614,1
2165,180464,133936,78480,110690,0
45048,47101,68470,100819,173799,0
112558,170855,113648,69699,47935,0
76876,26449,88781,174370,134727,0
165348,73360,134786,5297,73458,1
53408,164262,191150,166469,157187,0
84514,862,30355,85664,99345,0
17959,32162,88882,63649,125652,0
39191,57888,144678,22685,46176,0
12475,118959,85522,107597,176624,0
52563,178717,113811,130540,19413,0
87725,182268,198025,90488,106687,0
191851,43076,196650,167446,102267,1
183908,19124,45978,63300,92492,1
172704,193337,3989,146410,165510,1
171377,196319,40179,192800,195501,1
182363,59658,80707,148984,174926,1
38321,41311,63536,3974,13227,0
71459,85052,24803,37409,66196,0
53666,97358,43088,165339,26582,0
99351,176699,55543,93723,86804,0
117280,35280,74129,72214,121378,0
180438,14418,63215,150170,146401,1
111651,82703,66995,15086,46529,0
159911,38850,117222,146134,41172,1
131209,11388,191429,110847,94318,0
113801,180252,157098,107410,95524,0
72691,44505,136173,107387,170558,0
29409,14068,9851,15921,107948,0
82929,47573,136351,189267,71092,0
36829,101912,120468,198928,91483,0
79643,173411,59431,184651,135515,0
133164,28882,177371,158289,15573,0
146075,178335,71210,125822,73619,0
142732,108466,86928,60698,182486,0
54189,48976,117810,187662,129672,0
6198,51052,187917,31040,178300,0
56890,8835,134329,53742,176942,0
155043,45537,16380,35991,64424,1
140154,163038,183300,157276,85893,0
178049,1728,48577,109079,155910,1
102352,32633,93144,142044,61878,0
9352,127901,8134,90297,20100,0
27967,28892,77184,61182,70978,0
178917,174675,19592,61823,18170,1
196105,94823,176155,124477,191990,1
34708,119838,27307,87493,45251,0
63957,41784,43873,10049,146936,0
55358,198816,84495,23750,70143,0
133318,102669,70962,84773,13480,0
78493,91033,89417,96261,163670,0
22272,170048,53348,116824,192726,0
178845,191315,8347,75439,75928,1
134613,172638,26101,195435,80971,0
21717,62904,176731,198449,68906,0
183786,90491,149017,176663,21019,1
101210,180641,85282,100025,65866,0
83107,96124,192004,25982,60157,0
22338,106241,72686,17062,59049,0
109344,199887,110855,41740,8124,0
29892,109775,80823,30260,184576,0
61420,166955,163219,158189,23494,0
126064,77476,854,187632,16697,1
93700,89411,103117,10295,15734,0
43178,153222,79819,138190,180127,0
129379,11078,53896,154924,91880,0
76665,187236,16008,155825,73630,0
166831,114936,15569,177409,165973,1
133492,35790,6022,7847,139989,0
116060,148920,143416,136378,139436,0
69220,17041,40377,45160,48340,0
171492,140115,5707,174517,56143,1
15382,72333,24479,70798,39976,0
91923,15394,26848,98830,93622,0
128359,93655,20964,109146,149252,0
84960,2016,146251,95310,97897,0
10399,65861,164872,172282,91044,0
32346,146094,83973,138678,185475,0
194560,22512,12446,120524,168675,1
168858,194028,79736,14162,56040,1
38822,153274,59301,140260,173767,0
160044,195734,186341,75346,96051,1
166023,69846,27306,182386,50493,1
125104,170306,167405,142371,48093,0
187691,198709,91011,149120,126900,1
17650,99988,144051,34005,199153,0
18642,11300,155422,106826,135005,0
164911,10615,64562,172358,168065,1
752,144720,29730,155852,59152,0
129927,179130,9124,126357,159578,0
97385,71888,19370,176255,131354,0
116885,58817,137054,49186,2551,0
68038,110916,119710,174962,114275,0
187261,135855,120801,190833,4315,1
108935,126315,120742,59555,138769,0
194468,54237,66114,184241,199087,1
125558,144325,138833,20685,182769,0
56586,190146,85190,110984,196059,0
139579,176346,183801,30039,64489,0
109017,126569,135833,179730,173085,0
29931,101063,5773,124040,188406,0
128365,18818,148184,186137,29257,0
191859,106601,75144,143242,17903,1
40961,22029,195178,87334,186710,0
77534,195695,9006,148751,38897,0
162942,150320,6926,22752,78860,1
173196,173630,48932,38961,175995,1
10289,189480,16439,37087,116100,0
54545,98022,101536,27502,154702,0
77054,24680,167582,3229,94432,0
119972,34259,195876,128009,57655,0
157851,20317,117050,7136,3805,1
63578,112717,118179,198022,60006,0
184142,117820,164301,133037,42184,1
104446,84877,38420,54744,2231,0
7655,3401,116053,70666,77281,0
187070,94069,15478,110368,117386,1
151143,150746,10913,60193,127053,1
39937,36786,59750,93119,84331,0
141726,114004,4414,27332,196654,0
132103,61126,133601,51561,19668,0
130369,121121,103565,88820,34395,0
14773,91868,28562,61663,76915,0
67224,65773,32480,77512,106022,0
46797,11870,133074,138138,113152,0
117316,126976,120727,135166,174877,0
22188,17283,59027,129240,104899,0
1414,65302,104380,57665,18034,0
9832,32707,90424,52596,110344,0
157669,21979,95859,158888,198179,1
90093,121901,157342,150036,175886,0
139767,196392,104745,57336,138979,0
174118,180335,44749,117406,36476,1
75760,101254,110206,56787,113264,0
24003,26379,131851,70950,30036,0
81018,36168,37351,183218,54390,0
180380,104129,23498,187704,11200,1
22008,11692,133419,170645,111597,0
184108,42012,44144,26299,168795,1
82333,158406,94498,140843,53917,0
113206,90456,31809,112732,89323,0
24852,1462,170626,110367,57733,0
45171,94198,165165,168378,103091,0
189098,102852,176328,182609,99022,1
116476,101481,40155,45884,185899,0
15438,33700,135513,86105,1614,0
193249,118545,117403,65707,108628,1
69108,58635,122063,120743,183976,0
61101,79971,179899,190369,186355,0
23164,122438,23376,108016,193739,0
50874,141842,176546,143086,9283,0
75822,34894,80451,171041,146309,0
53311,145976,79156,33666,85009,0
181773,176865,182398,140327,120521,1
190341,186148,123140,112784,61464,1
15814,98582,20183,64053,160083,0
127122,126842,143394,187218,31520,0
50345,105206,76562,9366,145901,0
129394,82609,104735,178365,158925,0
81966,21495,131523,71141,40365,0
61128,168083,171310,56202,146266,0
118122,115313,180649,87397,24718,0
51053,112465,99279,127979,109724,0
116159,104655,85154,14880,164026,0
113681,101769,43241,105579,6944,0
32792,89976,78708,90736,110464,0
42711,180580,147120,75107,5496,0
84659,100813,40407,56053,190803,0
74729,59421,139551,16174,72297,0
164332,187864,34327,145975,93529,1
587,126554,19696,183902,4840,0
32181,59294,70708,127369,98122,0
27538,87286,180155,114097,13960,0
146140,115299,76650,169043,51749,0
87014,121615,122364,68756,147305,0
64507,32873,132697,162453,42304,0
10628,118259,22080,87906,76170,0
4935,160740,116102,4545,11865,0
13303,11804,114869,37278,12924,0
141515,150331,147275,162080,154410,0
63095,96253,99024,134028,132201,0
186448,53936,196798,30648,134184,1
66500,139633,21264,58829,21656,0
191479,136339,195330,153359,21455,1
92043,174123,104044,4172,11710,0
92136,145929,168939,19808,113051,0
70192,169855,148778,135844,144199,0
89837,129731,154539,141117,1616,0
24345,187752,17,80624,188689,0
102687,166944,144025,22766,187577,0
100524,180926,10499,161948,25352,0
157729,96605,91217,61549,150294,1
169218,185882,91621,93634,111170,1
168033,134201,49916,40552,99594,1
180301,11833,140234,30538,164923,1
184962,8435,31907,29622,41026,1
82735,145511,178579,148691,65203,0
28152,87486,143128,53354,104780,0
120829,22437,32713,73954,78467,0
167046,49415,81175,168147,161265,1
158959,69407,40918,103081,89471,1
99616,161678,146633,158082,73407,0
1787,117558,17523,10416,87043,0
172120,181412,156579,181529,101471,1
105472,45547,185414,53874,85096,0
113152,159086,2816,60847,31844,0
59033,198277,160648,64327,127607,0
186376,198297,155004,124795,26374,1
96368,49198,184224,172956,9612,0
85002,176712,10378,165901,60666,0
145152,23823,2686,73999,132161,0
92179,129135,19578,196522,63168,0
140527,112404,44833,64897,23813,0
136416,93656,181116,71848,64972,0
100546,13448,28014,8349,53248,0
23648,105680,90252,37998,150717,0
143339,155428,87446,68096,176917,0
187163,36895,84013,99159,197876,1
57857,185089,128908,197881,26895,0
180416,78366,90548,78898,87393,1
189929,54600,6841,60368,170630,1
23740,83498,82109,48950,49727,0
119524,55965,128462,103987,192716,0
117283,198570,175710,178757,89273,0
120505,188785,141562,110310,87416,0
150027,33272,120189,8383,24133,1
119399,41683,143888,82656,33231,0
164728,190781,94741,7902,86321,1
46823,71228,73683,70591,161244,0
40818,126321,126304,88113,154970,0
99754,40344,153364,70438,126158,0
52739,136346,151085,4909,65947,0
107647,151471,198081,96927,106367,0
117706,44729,78703,162012,42803,0
167867,42549,49843,179058,99365,1
189146,78141,96291,55905,147531,1
40814,31376,46834,37920,32659,0
192957,112204,40656,24943,179877,1
21192,73899,120858,83807,76370,0
166652,82538,79899,174810,32853,1
181654,178378,120925,164857,162938,1
81861,107498,3547,65951,23319,0
12117,55762,41457,95547,156029,0
147969,184167,190509,127024,12608,0
18117,138218,155279,28137,130956,0
76942,67624,5310,5126,3180,0
70852,3373,64532,148925,15122,0
106508,62701,185875,90913,68790,0
134642,138207,58014,63520,102552,0
37906,151965,135957,150015,67676,0
154471,153476,100624,122755,144272,1
91581,25883,159794,58750,188632,0
94292,128605,162245,193295,174542,0
40500,29212,33236,18101,178450,0
172023,110360,167275,68976,133622,1
166376,174846,11470,184414,35665,1
140113,85816,49328,193965,28392,0
16917,107228,113498,102589,10387,0
30374,22304,160999,12356,114799,0
126950,28849,74809,181418,176388,0
149844,142222,61741,2631,183911,0
183075,146063,15230,41842,174886,1
122327,125838,45992,98499,15802,0
187301,70792,96412,9841,181817,1
86728,28952,2152,87272,90044,0
150621,25136,13103,119214,186765,1
22177,7434,41012,98570,72621,0
69043,114105,22123,47240,67357,0
16362,87928,27443,173436,57114,0
144052,81622,106569,60556,65124,0
83954,9744,14019,76999,91626,0
27208,84120,174549,89067,56457,0
166854,168392,38380,8442,195793,1
146504,10008,155213,187699,69063,0
97344,22105,29896,47425,39204,0
104548,168355,20413,199126,97440,0
146513,171382,23675,61705,89452,0
62470,50969,161358,76667,74335,0
178077,111620,192733,100492,99811,1
89744,145538,148224,140606,199782,0
180656,33461,32036,73733,51990,1
114126,97798,184811,148057,36544,0
30428,177897,8429,155053,5906,0
46116,97912,8181,66469,190506,0
147209,101732,34862,185705,176186,0
112855,20500,34014,36640,99787,0
68973,179142,53380,46250,85591,0
164946,165025,153622,195844,49099,1
149986,124916,7062,64137,52662,0
122255,60992,73222,40868,133303,0
14318,2936,185592,136233,28094,0
193181,147050,16343,144658,111717,1
105227,160925,135388,177458,129075,0
60218,97944,145475,69511,54805,0
57994,191043,148641,101419,109339,0
53988,83345,160952,97067,187739,0
129254,4001,77062,145001,28694,0
110662,121270,104875,172794,132235,0
188151,59719,57128,31919,115858,1
20780,61403,100429,36757,108563,0
36261,3904,132882,17157,40127,0
175756,110737,103762,46716,174942,1
34954,187774,177926,95357,70497,0
105161,156339,146865,21662,52479,0
3829,125285,9219,164092,105907,0
7598,138678,121049,163131,28557,0
24205,177156,71466,111921,131235,0
186054,930,82639,52816,74484,1
172623,183881,100278,128597,61648,1
60738,129749,101817,150905,141794,0
158217,194756,67578,52144,80809,1
17760,147275,155595,10573,41371,0
17751,31363,87264,14808,27177,0
45626,166135,181818,45433,150133,0
26097,75473,158995,72643,29584,0
56413,136483,118320,23748,3502,0
33328,540,169686,54699,163695,0
170259,62417,122804,175945,188960,1
6682,177847,8349,140089,4763,0
68564,30799,122207,196403,4304,0
188969,131277,10935,4632,5258,1
48565,111541,28259,198800,172349,0
149968,126394,1477,90496,84339,0
197560,54977,158116,121725,183894,1
95721,116506,116872,188947,28075,0
71806,46017,71207,181193,64043,0
43539,69595,61354,133896,61994,0
195536,57878,104166,56021,78959,1
157579,161171,145046,78407,122781,1
132193,25900,61364,64906,160327,0
199981,189687,92175,27298,82293,1
55882,134216,61391,130539,180951,0
134380,64206,123630,43161,148408,0
56331,94283,111662,86047,37637,0
194190,88365,104489,113752,121762,1
3875,44887,3748,97458,117865,0
98269,155443,41181,115164,152485,0
193483,57487,87440,66793,124896,1
150441,148602,142718,8938,187726,1
160851,60427,40308,13911,15825,1
192428,99613,126809,28554,123323,1
147805,121184,167309,22505,198347,0
138505,142215,162494,109721,61610,0
48772,149951,16935,143914,75592,0
91591,58228,37244,148062,74818,0
164453,115989,34757,190955,86329,1
35811,157033,157024,88782,162202,0
81873,107755,42491,1407,163284,0
198988,134573,10980,168493,166634,1
64199,37960,152405,171775,66382,0
148351,117383,176663,76840,25079,0
5032,91127,96973,52933,172657,0
21180,5080,142584,189702,134175,0
23154,56323,67077,115789,121063,0
138434,69316,53852,1074,68880,0
179901,123974,79585,160494,141469,1
154877,29533,92341,995,7221,1
125467,108062,99327,68546,26791,0
162666,76285,106799,114647,34155,1
148,81801,103889,31325,178122,0
34937,175243,132051,12872,100445,0
76110,186859,60923,21812,125758,0
140037,188515,127076,132342,90995,0
98018,181248,137517,75569,66965,0
50618,51215,145675,127164,131902,0
7647,56552,20306,197762,94465,0
76759,114836,172645,32566,58178,0
24139,76564,128078,194465,140778,0
41908,117170,182746,120791,11955,0
8792,96243,197803,119355,169167,0
54086,128147,9236,59373,116268,0
31591,134188,196370,175196,149934,0
175243,79210,98848,84204,37052,1
126685,97911,86679,23576,91399,0
93656,53339,17442,55319,113750,0
97478,189239,133893,48149,55800,0
9035,138574,63299,171339,177836,0
50369,88444,84462,184819,36174,0
61853,171469,163478,41248,189505,0
54693,48927,143687,170944,113265,0
57005,12643,115107,40010,111976,0
19746,67045,179927,49410,145907,0
93115,88052,22765,139939,107662,0
71592,128825,39975,33515,165821,0
188887,157306,151419,166512,166873,1
97074,107751,110720,38449,162081,0
155076,3494,178466,117644,58692,1
123047,158195,41830,186939,78556,0
77799,8722,136653,48207,108927,0
137965,196386,145532,107368,126093,0
32172,163153,70797,156902,106619,0
69981,72770,59050,57009,121077,0
72972,172643,50602,22435,114027,0
53801,9956,40044,47244,37734,0
53514,148640,20264,135826,91040,0
44317,198081,98307,31365,98748,0
153771,23765,28011,182619,118942,1
64925,30055,15712,105933,52068,0
106060,172049,6435,28312,97983,0
153032,138242,71635,55521,20089,1
197625,146590,43085,57489,144683,1
3031,87763,5936,99951,57233,0
37214,3017,164554,134744,783,0
108032,197152,193637,91070,148588,0
83486,165928,20573,197149,168647,0
198958,146066,79062,67073,95901,1
127323,177174,53741,167562,100800,0
166864,80624,154400,102173,175386,1
156607,193258,84636,99041,118222,1
64991,180314,128645,194947,25389,0
98327,85077,76481,92485,104220,0
190233,172051,87232,137941,14713,1
190406,24523,3449,162203,20017,1
104954,56738,168760,77575,59836,0
146087,172484,19233,38200,61319,0
199147,2769,81634,21646,77592,1
81401,14204,44335,56393,15454,0
168734,177918,135103,133520,39901,1
50858,171070,83616,80958,41302,0
30502,185349,160816,44412,174182,0
135338,137495,149172,122843,89601,0
158914,155023,99337,676,20901,1
111539,50782,163995,61912,114768,0
40573,105598,161573,178948,88085,0
74719,58902,73653,99278,19784,0
105432,56079,70385,125411,157795,0
80056,28038,140373,108684,44459,0
29831,100001,155237,134616,151060,0
17513,74312,51255,56169,4064,0
43225,128082,116376,76607,116721,0
132686,78324,164873,183733,164187,0
110822,146369,6759,84000,171105,0
44288,118374,87554,143031,144729,0
35015,139698,46723,105933,187242,0
136748,51266,145971,33,26855,0
34357,76372,123096,115071,52127,0
84684,150489,10462,172616,60488,0
28887,186980,31496,154152,117591,0
149158,115939,26827,197709,184617,0
119095,37496,179306,66162,162915,0
100076,38628,135140,138030,129709,0
74188,177639,84010,31745,190699,0
1026,30193,85605,100846,118185,0
94098,181904,180827,131834,151709,0
174889,36316,106806,87320,28973,1
129237,45114,114453,54852,86454,0
135863,92132,41314,149881,124886,0
146875,42918,135273,122857,131077,0
69254,136792,138022,14300,198581,0
71460,43038,33462,9402,161654,0
15459,188597,61479,59393,128933,0
129824,125244,28129,7741,42298,0
101006,8977,140518,191417,195112,0
62813,88523,4968,185845,94526,0
73724,115806,71264,157302,184646,0
26354,93810,92892,158387,37165,0
155663,31772,12283,126717,172477,1
196917,116588,125590,190184,157664,1
68914,113224,103004,138882,177657,0
110811,175176,114875,72085,137718,0
46278,165184,183971,8044,156682,0
82667,92755,149443,23255,196166,0
76640,99844,107921,160908,178291,0
147186,132863,178476,132100,128582,0
85615,114527,47793,141043,111913,0
130750,85705,8848,5539,157974,0
1769,80659,76460,10330,185185,0
63526,39061,35376,74888,29331,0
125333,54196,18627,288,156408,0
152466,91131,142169,81672,58438,1
142130,130387,180127,71991,12776,0
148180,27543,198652,193761,96576,0
77550,102060,150731,87635,65588,0
116720,180077,117169,2003,183372,0
19727,45160,89771,188324,123242,0
75901,67883,40481,131755,71288,0
120424,47408,168691,37726,64623,0
106799,7219,83238,21973,14051,0
147340,7619,169671,154254,169952,0
190579,41448,88112,70132,176054,1
174423,55907,21547,69941,160033,1
154669,39720,34878,52483,36507,1
48229,55637,41716,14326,143486,0
40160,176663,62066,43123,159640,0
113554,193881,129872,118866,45815,0
59489,39170,92218,25943,48558,0
12983,12129,35576,93540,76652,0
199621,101917,56281,29066,16364,1
71018,160370,82869,109149,75094,0
61894,160885,138553,9030,125278,0
124773,85350,13128,155891,135391,0
26872,38916,175045,111813,69954,0
165562,25497,189279,134633,48417,1
173505,140481,150480,22229,54892,1
49146,52206,32242,18497,53706,0
9913,74733,114958,38443,104635,0
7946,90214,180395,90617,118605,0
117607,14998,65331,147919,21479,0
13425,23774,54461,180294,99770,0
171549,107961,365,176332,21470,1
95552,131421,39120,34048,4777,0
16546,166189,132613,2127,23916,0
88398,161980,154629,46578,106741,0
49967,184319,107733,197926,177505,0
17608,70584,180896,154181,42668,0
17185,182588,148465,178886,151620,0
14348,66225,81222,114005,21877,0
18054,140775,150801,101004,146710,0
46903,33280,172509,184128,56383,0
199927,75388,45187,31702,135422,1
93188,25434,3056,110654,133072,0
84397,175701,30428,33822,180374,0
92871,10272,104463,100957,60534,0
165552,43870,122158,159971,179563,1
143934,1717,112826,16730,189567,0
73849,56578,65672,24115,125047,0
184556,155797,47765,89871,7347,1
183294,130256,180285,29121,118274,1
156836,69292,141988,71554,83420,1
79357,87099,191917,196865,185809,0
57034,139447,102512,36222,112600,0
114690,199035,111500,105758,17707,0
193268,89997,60581,111266,50408,1
67809,26760,100673,72198,100322,0
147787,141174,172444,47922,13369,0
168238,74313,133548,94277,30400,1
71590,104948,25045,92479,164386,0
151259,128847,11848,160425,190440,1
33555,197707,40258,72153,18267,0
151989,148197,146812,95457,56594,1
170553,25322,99603,175057,71476,1
169814,136882,119079,69965,97791,1
126520,174209,186824,32477,59538,0
140953,71322,11372,94009,137028,0
110679,1421,108735,165634,176545,0
137607,39730,43404,112367,21180,0
4082,18854,97428,115805,150831,0
88668,153270,49563,48710,92937,0
195447,131796,144767,125288,189075,1
148119,194476,17575,116984,186801,0
158934,85382,74571,133006,50466,1
103199,2021,134524,81329,171362,0
50451,120366,61464,37587,103123,0
130340,135378,112977,183320,135263,0
70194,30399,62916,53981,53763,0
147950,9919,193429,27664,111019,0
161775,116394,66564,64471,48255,1
4533,31343,164173,100598,199542,0
118380,65306,87489,39842,55010,0
101775,51667,31254,8650,173265,0
174734,162567,38380,143124,69045,1
64460,118016,170097,127293,156979,0
180021,37185,23860,91833,148068,1
7068,31101,41195,53757,121576,0
110676,28999,89136,11933,143511,0
92797,174609,152379,28717,47034,0
78001,89194,45001,87062,178637,0
68689,15094,84263,90077,151882,0
128966,19988,136278,162822,124840,0
90628,180681,70174,130471,148139,0
169491,66765,135597,1320,194117,1
115466,181427,15769,154136,18194,0
124284,19833,18455,3979,37451,0
91974,164730,127992,61200,137404,0
158189,143559,52432,181875,124530,1
177699,186271,22935,122187,127662,1
101892,151960,70118,84249,37527,0
158191,38879,144835,61510,105645,1
173508,50201,134613,22864,34672,1
15650,190031,167407,168450,177901,0
156168,50740,61873,32434,76587,1
171104,86470,150809,47200,95276,1
155073,54168,142082,124359,161513,1
156273,14406,54208,25258,199724,1
18492,42914,25054,5161,74145,0
108225,135079,23323,144144,5234,0
24244,113413,130722,41912,45757,0
159061,82518,192049,142429,190527,1
195216,11787,182938,21550,165413,1
457,108123,51896,21364,75420,0
19403,130431,116555,164253,58115,0
59057,75658,44426,53255,135439,0
135636,87892,140144,96834,164209,0
5647,63831,106768,76723,186556,0
15935,102074,28216,21254,128158,0
153314,2430,79825,92370,91565,1
47728,108192,116133,39007,42334,0
171310,62664,146666,172994,64168,1
24998,155707,150712,114716,129151,0
109091,72600,48121,182364,131843,0
2504,30006,100759,22933,198794,0
5563,62371,147157,94654,136259,0
175133,141842,163406,121039,162905,1
184203,31263,197726,169649,71326,1
163868,132210,72048,93276,98686,1
197653,159900,153180,165795,79836,1
79987,78327,70909,79355,169429,0
188538,137920,183036,17535,199397,1
107335,78962,136734,93951,96569,0
190106,106033,10317,59679,84260,1
38894,199645,55959,88483,175114,0
199013,33300,189008,25255,7641,1
50523,124253,181720,39214,102298,0
51296,165689,74553,86342,33672,0
166984,11746,99182,52368,177877,1
69231,74984,145357,70437,16804,0
61562,189039,178196,80914,100943,0
132973,26023,72247,197214,69313,0
17839,111429,76158,165853,48021,0
184123,37132,98663,29811,51718,1
180529,160965,159177,37948,998,1
195758,143631,128162,70645,28312,1
80710,145837,84089,17699,157622,0
141269,107122,11603,4070,53494,0
130510,323,108773,176772,157104,0
161642,171254,80620,47103,66313,1
52172,150592,142543,17614,146013,0
101311,152474,93118,9086,198513,0
155678,123672,29918,75713,115675,1
156754,94847,64616,198335,195761,1
47261,51584,91410,53883,79023,0
162180,152677,157137,144256,107550,1
32399,164213,30480,173333,128115,0
58070,65723,1807,30882,83578,0
192215,29287,186109,443,114327,1
4146,3025,156499,19319,115049,0
149565,31195,53037,70897,57987,0
137328,69702,8855,154758,26181,0
137,162483,109692,56393,91826,0
34090,150869,135655,110638,20168,0
44453,1812,41956,58198,22851,0
45584,19702,193630,93838,126655,0
40631,148897,47034,19654,104792,0
112738,152206,173105,126266,5502,0
56775,176001,12632,110575,168247,0
17762,127856,36387,113878,112553,0
3862,113386,99891,26993,133497,0
172393,166095,87169,19874,118706,1
189224,7423,28665,173196,158826,1
147067,162756,129612,191395,41159,0
91181,35088,109295,193094,33563,0
37404,153777,164123,140538,94238,0
52958,22865,153,52175,91238,0
50618,34344,16011,136881,124668,0
139432,189844,48470,24113,84294,0
133328,5780,41108,117685,89915,0
137620,92446,44927,179559,12295,0
82314,175654,162551,66098,127151,0
42666,60092,182960,79725,118844,0
129076,184280,133876,64665,194478,0
1386,53816,188108,108953,146694,0
67345,74881,189841,21029,182038,0
171679,179198,129694,62741,76410,1
44733,56947,164523,6200,103953,0
74112,6729,104560,150133,85869,0
110503,138792,76447,184444,190442,0
23076,172904,119297,57377,193193,0
186017,33381,146889,173324,132819,1
177930,184603,73997,120551,81771,1
6422,77924,199145,55807,191516,0
149111,30674,144848,182128,147024,0
68054,2046,73700,134283,63338,0
169646,91444,195765,199920,126295,1
143793,38294,10078,139995,178245,0
113965,101194,24895,75145,177547,0
192698,182831,79564,165303,81793,1
170437,116963,191380,149077,23930,1
189004,187841,199822,25297,122962,1
165508,58565,132932,47083,13803,1
18831,85893,11033,122339,178578,0
22669,100350,43185,142082,117643,0
16920,176972,18571,113244,163862,0
104077,11672,172268,120800,131043,0
105271,186188,199837,152363,92717,0
180537,144344,195315,199180,184095,1
96499,9035,97076,95167,152636,0
143904,46997,169464,65166,158681,0
59965,131958,129550,195353,80413,0
91181,35789,52792,143125,20987,0
25474,120296,104776,102051,22177,0
129750,134587,54075,160398,176666,0
101091,56851,101012,105072,25368,0
45445,11859,109176,12516,75752,0
173716,173316,54490,65835,145487,1
93548,192372,83909,90007,97530,0
115944,116853,163926,120517,183526,0
118161,64734,79573,50020,21657,0
131894,124816,33303,195238,97391,0
41052,104432,123078,57863,190310,0
155329,172379,104084,19549,42807,1
88426,141624,152856,181517,79535,0
58991,177018,99258,121593,165686,0
56284,80457,40836,135130,166432,0
100165,137437,49247,2555,136571,0
69363,110977,33088,10676,164310,0
16691,95552,32166,519,111717,0
35523,149820,19983,2358,58090,0
65438,177403,149828,81163,35430,0
149838,43250,27918,190928,17895,0
158929,85085,35709,43149,63582,1
3852,138381,28496,125342,108420,0
1619,51979,29602,119551,196620,0
53238,190198,156148,128582,79524,0
170447,99198,37016,25288,105325,1
6644,83977,82462,21118,198583,0
83801,73155,3013,118071,40824,0
54880,135289,71284,170562,95004,0
103286,9773,55405,76169,117700,0
98969,114668,72877,126670,160783,0
80084,65153,175546,144259,125927,0
155448,197083,155656,156093,77698,1
137468,44683,60019,125763,141050,0
63731,78465,81799,28321,179133,0
194900,44241,85898,69773,195013,1
107170,88435,96945,141802,8389,0
16918,41414,57765,101109,128423,0
3701,163647,5079,166297,62157,0
193385,171782,146811,164991,153081,1
85495,56022,71468,37966,151378,0
106936,51403,2625,172637,99842,0
57653,37002,23582,88984,147922,0
56795,110250,147619,56306,44554,0
139970,112010,161601,196421,70427,0
138682,103433,159308,37656,125345,0
16645,139511,106828,74717,134062,0
176673,117857,61673,61183,140498,1
24794,198933,149546,147483,167373,0
174632,77933,104527,70919,37318,1
116189,168855,85927,93989,177623,0
32103,38734,181870,95458,194805,0
68649,24837,152215,179409,83840,0
55968,188853,184258,86724,132040,0
58912,184646,173770,138876,22757,0
176302,25510,118754,93012,79303,1
66083,43612,17553,142972,57979,0
109512,150682,57089,89229,77335,0
120631,21494,147932,23200,52179,0
198574,67289,121149,41227,39004,1
169485,39046,92879,105020,9578,1
85976,23774,90641,61103,52586,0
124311,80214,104608,29047,69765,0
187828,138546,57545,22125,96249,1
78934,127584,51950,45290,138457,0
9851,66163,53960,10527,16173,0
114824,148484,142030,144807,167457,0
102145,143596,30473,144538,55416,0
73218,64121,66693,28641,166715,0
142549,4850,146910,1643,199311,0
137734,99885,186897,51873,81961,0
123732,68510,153658,138396,132580,0
161630,52871,140255,194565,2690,1
181437,91861,79743,117440,193023,1
74499,126590,156092,28354,124425,0
46833,195911,13221,39412,51658,0
50923,21248,126257,137520,137191,0
102750,31570,174390,127427,158874,0
89070,154610,158617,6997,130139,0
90096,65013,19916,76293,14459,0
190778,15900,187172,170903,65243,1
109946,117918,143009,193358,43247,0
14046,36362,165828,199681,195651,0
3768,56171,59050,139858,101229,0
134781,142419,196320,98832,145643,0
16972,164055,84184,78782,89411,0
87677,156307,46547,74101,4064,0
128853,31391,46446,127456,111161,0
152722,193067,134203,196908,185913,1
90048,25110,4254,129902,163109,0
168777,107715,66532,17520,138844,1
12278,125058,82136,19369,73620,0
51561,89597,100717,42474,17396,0
159319,81173,165691,33427,105992,1
40765,16388,194977,119936,199544,0
73592,11544,34047,6405,120541,0
118673,166227,191979,87268,177084,0
18298,145862,178921,13039,34373,0
99309,30271,62914,125052,109266,0
47366,19299,134995,118601,61415,0
191293,98144,97622,13221,48475,1
168612,62707,65892,137934,62694,1
167559,101545,5703,131072,195171,1
84099,118842,102044,47095,98219,0
846,88128,13518,119530,60279,0
30711,109196,192782,127622,164501,0
106916,66903,20400,174439,127315,0
56102,31379,115913,21817,59056,0
107112,75004,79121,141824,131592,0
76655,155897,50457,23913,142006,0
108736,151647,175647,178633,62314,0
61305,55831,25146,188449,85795,0
159511,163430,199072,195146,120718,1
65010,27933,176069,50172,173010,0
81213,148730,8397,84910,23724,0
81977,44485,195123,48358,81294,0
145815,156142,44738,93725,40711,0
177629,126681,109422,166828,180418,1
46303,54458,61082,1850,151824,0
92569,180441,162214,178143,150634,0
97863,75117,199780,163511,70906,0
121786,130837,190969,78701,103568,0
64431,95349,79430,70155,47675,0
198022,171753,139935,18077,140340,1
33547,99344,147846,184082,86907,0
80183,81784,27014,199671,114939,0
107407,177671,32682,43938,158490,0
22999,187257,94985,124875,10167,0
52967,105000,48648,196262,79026,0
181268,14902,131436,98807,8374,1
93390,2868,46123,110747,127687,0
183155,15561,22009,49284,80541,1
86521,34595,61489,121871,118717,0
27136,183608,128712,125527,28336,0
120930,8355,167948,51242,166027,0
149123,47884,116919,176969,140226,0
70187,197419,151259,34772,125692,0
100256,157502,36698,159789,16452,0
186770,7301,166971,36129,70820,1
111193,170706,117056,162386,109278,0
162529,64126,37791,122420,165027,1
158236,172197,112907,113809,154081,1
104944,58617,2263,13326,59055,0
73127,140698,94209,34145,149836,0
48617,12236,59267,87641,12764,0
189203,69719,90458,126322,124182,1
45736,57305,113657,14451,7060,0
5250,76159,104751,40788,141026,0
95487,141021,104620,182134,75852,0
106240,92674,28315,192099,8525,0
137816,129661,139391,81329,106424,0
172019,144656,106305,132350,148327,1
187665,64672,185411,17647,124792,1
75031,69216,147527,47104,44596,0
103407,139696,69679,134785,109897,0
85445,15895,167861,41890,183080,0
101906,52155,33980,194172,17294,0
72719,3246,36616,172897,1776,0
188425,107125,132872,97619,168372,1
51849,9920,165270,28579,123179,0
115517,39872,107865,194970,149042,0
111015,5619,68033,183585,137373,0
119300,39168,182620,179805,142145,0
199732,57729,22902,33650,153656,1
148981,186193,9308,163067,30801,0
177984,8328,162247,147667,131017,1
91207,152741,100058,198892,17869,0
198747,162477,199726,196950,89542,1
99234,118638,121788,139488,75644,0
171014,23310,19204,110032,41808,1
98256,10238,124755,69108,184935,0
34130,14503,32159,28732,111936,0
87468,49363,124544,131890,166305,0
53478,54793,179435,56538,102435,0
113048,37649,67050,970,122285,0
27813,161506,185075,103202,40427,0
10699,43232,55045,190215,41223,0
36580,140589,169270,43126,68804,0
122122,55652,61857,173682,111429,0
76246,141238,84351,62890,106986,0
41592,1569,142099,128009,90335,0
63367,58909,108900,98932,11404,0
37438,48856,37783,189215,117996,0
114062,147385,198480,167683,161147,0
37785,84296,116128,190568,196608,0
140321,39305,72274,144176,100154,0
186095,96766,166290,66748,166973,1
122501,30874,110279,173534,162160,0
91078,170141,199349,147573,182155,0
107594,17051,60066,128355,112470,0
24795,145053,61374,47948,135258,0
153067,89859,128248,124080,116208,1
154183,83313,37004,178909,52481,1
116509,147553,162509,31010,111793,0
106075,48309,17614,199205,122722,0
78921,183386,99757,96661,23833,0
57674,101013,104898,58041,52262,0
128698,7557,81961,44592,45171,0
166615,28021,102160,55923,21529,1
106445,49630,55543,50199,81640,0
155945,120692,160892,103033,115125,1
112408,18995,35503,99153,162300,0
35327,7042,75277,66215,146288,0
138370,143619,195292,179132,541,0
187116,123735,156772,108825,117077,1
76209,146196,183797,198145,3893,0
2664,197535,73186,17551,42162,0
18727,102135,183969,89341,99321,0
79018,34892,181459,30704,194930,0
152826,146137,117068,171540,60951,1
185254,159966,82547,182837,147139,1
21424,75081,13371,28975,81055,0
60878,62829,83520,187644,157606,0
23158,164890,6155,162372,143400,0
136980,111069,156291,155180,85411,0
73262,68370,162612,22592,112179,0
156042,171347,99220,76195,14472,1
133068,126722,134872,157678,20987,0
50998,183226,9470,46808,14893,0
84347,118829,89814,173926,3541,0
144517,153894,83565,176012,117660,0
184865,25690,146198,59076,37980,1
64842,71928,2764,144092,174704,0
27112,34500,84833,25976,46460,0
46100,161769,94618,144556,166443,0
64920,97929,48250,140513,158019,0
19863,13413,47622,160802,163821,0
151564,59226,37713,67887,10399,1
117915,87625,107306,59150,99064,0
118008,4067,90321,126845,84784,0
191871,116739,17076,182898,121749,1
95312,12332,178466,61316,78167,0
96765,179081,1349,153413,12078,0
43159,43542,186377,122971,78542,0
179159,70218,61213,69398,151362,1
37299,169628,47987,185738,163684,0
135091,47208,123042,68864,48972,0
144897,88653,91491,10777,27666,0
24154,128285,153174,25890,191590,0
39212,144321,10542,63490,28100,0
185355,130641,124616,90662,120448,1
114254,170328,141858,127714,69515,0
107824,182900,57888,186630,49084,0
191811,185153,174106,68224,31500,1
146210,81522,121767,29004,36792,0
20996,89560,126,166858,74080,0
146305,178724,81813,59195,150566,0
1536,32228,162800,7820,60521,0
140966,169797,30868,197934,12799,0
106237,17298,18896,148270,125984,0
112341,52602,173585,57037,89640,0
94077,10122,14531,122652,5894,0
94274,120830,162359,14335,171992,0
16910,193892,176961,193862,171332,0
168187,4983,173579,194200,79609,1
41503,28136,179850,2062,83320,0
99603,59659,5803,163967,64646,0
73688,89656,151215,73603,161516,0
145893,140815,120913,14255,192720,0
50884,190279,3277,53899,32170,0
115731,30305,34707,36089,188217,0
63286,42777,83517,175265,89647,0
157261,76904,189702,156468,10512,1
135794,120291,36354,6392,109117,0
198844,32399,31642,118914,130134,1
143693,42403,195598,92401,160130,0
142407,191219,137687,128975,179307,0
33823,115718,60371,9212,82847,0
22807,195158,162631,37599,69809,0
3287,42033,183626,16665,111625,0
170561,71061,68362,107442,67423,1
5378,188871,136896,43283,55062,0
9822,147515,159274,181131,120018,0
64704,189794,30124,130999,109813,0
178905,15541,188629,150152,96305,1
170414,197200,184620,122422,149261,1
4306,32626,104587,87692,190155,0
116520,31741,6142,167475,12732,0
124797,155923,130972,7067,116885,0
29897,160553,155255,175658,168870,0
90555,57389,1443,66891,84468,0
39593,184682,116382,115680,50735,0
44889,138672,143751,42361,124265,0
121342,28935,37629,62118,155785,0
192801,95567,146335,183062,11480,1
185245,180732,190827,81923,155106,1
119442,87058,176556,48626,187978,0
36815,13119,197772,23520,31568,0
103407,93367,89955,114500,170490,0
117691,142593,182217,55756,68231,0
199102,39416,20237,62994,75166,1
167491,66894,90993,2509,93826,1
46874,73588,48179,54747,51562,0
191735,115723,22070,177794,98574,1
113694,14697,80792,55551,42033,0
135685,10516,147591,92094,3345,0
66367,1076,160796,103721,89166,0
77312,92104,171570,141054,59322,0
59316,197461,167628,176548,112341,0
183739,171827,8464,123091,46310,1
54124,120775,42721,98101,139247,0
24083,58281,193038,45910,122714,0
123512,13920,89753,92358,126341,0
114961,37819,121466,167010,176021,0
75620,154597,30773,135160,40593,0
2863,27806,168805,104375,107356,0
182512,54960,184994,187906,127118,1
28796,91156,10730,21607,187270,0
64157,101009,79198,115680,129401,0
151385,7742,10253,130781,91003,1
21434,174080,60755,95159,178367,0
31957,156149,104913,60913,197660,0
77575,114506,183239,195394,16001,0
171463,80460,118497,98756,48392,1
105537,13928,39459,166071,33272,0
86422,76573,142738,29658,193915,0
157639,34014,11424,31055,31890,1
120323,161289,84941,73983,93046,0
39738,110928,84817,42139,136624,0
124163,188231,74524,113345,121984,0
134776,74537,123660,71894,186027,0
94224,131748,120126,53306,127841,0
5138,16622,166713,1239,86725,0
77121,95924,106238,144138,145696,0
122916,6723,102415,198213,68996,0
5567,114101,133682,70486,59491,0
49894,64198,183753,155505,127239,0
57315,147041,116421,179882,90467,0
125320,31325,192796,23892,117320,0
138511,168819,80411,141475,161771,0
96655,42054,191975,1523,111157,0
9955,112888,100235,104360,111168,0
50855,165631,699,143622,97734,0
171088,74561,153416,134232,199581,1
91446,197359,152286,104222,109647,0
101815,9536,157095,112130,102931,0
174611,72294,197174,189572,130343,1
30945,32837,181770,145081,98196,0
169335,115868,25172,120422,178244,1
142409,192068,163456,131433,34884,0
123431,40502,173614,92009,51117,0
39077,25006,61128,19352,88308,0
20430,172926,20980,60546,165906,0
103395,172117,3654,56164,144478,0
50367,49497,137694,37351,110189,0
52714,58071,93330,69105,136063,0
98243,159760,3441,49491,146192,0
102835,189687,41062,88655,136619,0
81778,117145,7979,52564,198043,0
194295,21165,116476,52166,161993,1
121556,16464,79002,192869,161856,0
82416,20125,147152,155225,148215,0
82991,92719,89406,158827,23936,0
144449,186126,155216,121097,176179,0
158293,170391,152117,9907,13925,1
109619,134249,45637,1239,13500,0
47642,82806,69920,94008,147692,0
86171,162804,141765,10146,46602,0
135039,97530,23500,118982,105201,0
120212,110225,66790,42132,138649,0
69670,169992,188527,118423,43507,0
62241,46510,45748,176069,79793,0
4966,117901,8829,37038,129220,0
34701,15380,119699,171886,111894,0
126893,14037,59539,111732,54677,0
133074,63011,97439,130390,107848,0
13288,24112,139685,157096,159591,0
135457,26754,190856,49083,26727,0
12767,116194,104946,33568,87805,0
89870,148011,86658,90180,25116,0
49988,192030,90257,98982,176531,0
64428,70704,6712,158337,165404,0
48463,88401,74467,124462,192939,0
119192,39878,148394,117073,55229,0
181870,179677,37540,23462,59078,1
192120,98923,162154,137081,107373,1
30896,21264,61066,30816,92633,0
5340,29911,174863,147543,99463,0
121614,66310,129593,11002,164137,0
27717,152117,94444,9669,55571,0
60953,129298,149390,117219,4467,0
43407,73776,168096,59846,186777,0
37609,63049,135855,171741,191270,0
31308,172032,193322,71755,31849,0
183366,145459,127674,163265,104124,1
1559,38891,45698,20458,150247,0
142264,122891,93439,131837,90798,0
104027,64039,22381,68878,79014,0
49273,101257,68209,31443,129707,0
106580,29969,34971,195479,145387,0
174095,8527,7037,69541,196353,1
118614,3257,4853,167294,65576,0
107581,181834,50774,18086,146956,0
184013,10425,167909,35103,1348,1
125110,134257,31774,135328,151681,0
116420,36758,193067,82901,41980,0
21583,7555,66269,55160,77767,0
119333,136651,159087,164822,188188,0
35546,156936,53092,118073,126734,0
13471,18420,111586,32736,92423,0
73577,6174,5994,106494,118173,0
195408,11545,69012,111094,86634,1
81124,54855,52644,175758,117965,0
78087,66341,23467,194041,191163,0
179174,42983,175053,184498,184809,1
163009,106652,21837,188025,188583,1
58853,175688,160601,18449,24592,0
29907,11043,196492,111649,7042,0
165035,81257,31854,50370,55983,1
199879,43139,25520,160426,84231,1
21553,185836,124691,131081,22155,0
30097,120623,35085,64433,130173,0
24461,48481,97743,52749,58563,0
111353,136870,94532,149450,96067,0
187136,193344,41333,53935,133169,1
1783,21767,191783,111094,195754,0
48572,106816,317,112037,20031,0
2122,105133,113473,27120,22256,0
140779,38785,19855,54428,185162,0
113174,40781,6062,64313,20750,0
71894,89754,172361,138164,149858,0
17183,28601,80149,81124,97127,0
170465,69547,98359,174077,136450,1
128501,102788,122212,66458,37360,0
113281,196161,182940,176664,107817,0
63036,145284,79872,39225,105443,0
131321,49567,90327,70088,138363,0
176190,83558,31026,17384,136879,1
121956,106193,31709,113132,121344,0
107353,193424,179659,174015,196841,0
171471,140437,36600,118973,157533,1
145090,50929,153289,166071,157544,0
197696,186385,150105,25494,194960,1
54362,110145,121245,50418,8774,0
194097,145108,169856,168673,176435,1
186193,13915,190604,10249,21441,1
37736,21845,45131,133794,63654,0
180727,17397,17679,184828,92005,1
100548,126364,15826,188735,4337,0
163033,174537,100421,62644,14076,1
161154,40507,70408,96522,74085,1
91984,79827,110565,113653,193768,0
131838,31198,126325,70569,41336,0
129624,4335,47332,189133,167809,0
9714,52352,104143,171177,170710,0
4795,25226,132353,49753,173156,0
157700,127198,148546,28621,30033,1
74669,9635,59643,114173,153787,0
61279,144905,133747,115214,152694,0
18670,147156,165751,166566,191457,0
88783,46783,199112,80211,163128,0
108822,2846,63128,105686,55272,0
49188,164252,4836,154012,182558,0
98099,108038,145647,178892,7734,0
77996,79013,57556,76481,74223,0
120548,75831,148078,56522,74417,0
185001,82588,170609,99056,59779,1
194344,188176,99348,119078,11238,1
115097,22196,134209,75679,178976,0
5688,162826,4490,81441,92774,0
163490,135768,155497,67909,20819,1
37207,138510,169444,22316,118356,0
157143,89289,112523,63890,95159,1
42427,192799,47848,91178,135097,0
26278,133376,131581,117447,102787,0
100350,41138,41725,108006,95863,0
34644,43123,57597,192530,38787,0
183844,51204,53146,174895,123826,1
110702,25133,22524,106138,118602,0
174561,194500,91682,125072,178026,1
44911,19174,162965,6811,51810,0
43302,11295,122352,140142,30591,0
79166,195963,108351,177565,5682,0
19142,101766,186602,54023,128754,0
122426,39612,31844,30334,59538,0
509,3595,157722,50119,36359,0
14477,11383,195505,51493,41748,0
188686,83954,172946,17310,36491,1
27984,144583,18672,105356,92763,0
49194,179514,39028,119188,11846,0
89909,56568,60639,172666,179520,0
931,69442,170120,25418,17751,0
151364,134273,141303,58176,17090,1
101426,107551,57780,162163,93200,0
129508,155010,143279,195526,135661,0
22539,73706,29456,10888,53187,0
55515,104120,193202,199307,73594,0
54644,49275,61095,73666,128830,0
176123,56703,5359,137798,162289,1
139321,25459,30672,119598,9624,0
162256,197189,65978,196392,101309,1
152583,174656,167497,173905,34931,1
35553,60938,125292,83441,175473,0
82890,153426,4539,18420,95620,0
183178,180432,179400,196230,119498,1
115789,35171,34192,155964,81621,0
34301,143705,43966,173751,125813,0
118960,169800,135311,26893,64981,0
102689,194692,51993,132753,170781,0
140822,103418,132635,7975,47501,0
49293,105563,11326,46282,78939,0
153522,28651,103332,136254,178483,1
34774,97252,72136,26256,104529,0
74144,135475,17524,59221,92039,0
128411,134673,107557,122853,109082,0
167471,154406,25041,45110,137139,1
53624,148844,131771,173686,7614,0
16515,101672,63331,41896,32528,0
126381,116299,147932,44227,8373,0
21842,172032,174640,147215,171259,0
154439,18434,138071,183165,52068,1
126524,127319,51228,100532,9786,0
163549,33316,116855,122315,191960,1
192004,197982,144525,23370,63633,1
126898,124481,40504,81523,127160,0
143851,105399,53216,78487,97744,0
182602,127965,45944,78212,167839,1
95149,103037,107065,62591,11236,0
104482,88141,161960,76316,182346,0
150389,11176,83176,113239,93417,1
174151,196181,127298,83263,7048,1
55168,99202,54940,172207,60069,0
98833,148655,196927,67287,32885,0
196194,180832,188591,76724,155539,1
148385,141689,12926,66862,76320,0
131712,192597,64825,50581,177050,0
125291,89856,169121,116212,11316,0
156800,176398,11899,170739,194531,1
188955,96427,86027,198310,68281,1
90053,98261,56198,80344,146218,0
25770,135202,196661,68679,88879,0
65205,121484,25265,114340,84462,0
21551,115174,33779,15736,157427,0
41358,65411,55128,68932,134931,0
124158,104025,156634,48759,24671,0
96719,111480,28210,148011,105409,0
52547,151810,185128,118176,186008,0
112166,136948,77536,91360,170477,0
108448,195310,95546,38739,96412,0
118877,128385,99071,180439,173759,0
45953,60970,157799,16009,52988,0
71562,52952,184537,160987,168692,0
119458,149641,169861,191710,50909,0
9806,133085,86369,21371,35295,0
167375,193705,137470,96199,164811,1
89692,116279,117916,125326,99095,0
12751,189480,107870,27821,56286,0
151266,88748,8175,128130,121116,1
29734,34407,153258,174358,151658,0
120237,137079,22680,91981,121398,0
3194,181027,180026,177981,63686,0
21925,92396,40584,81810,107390,0
26444,153481,141765,161221,79295,0
131430,115462,121995,76780,79605,0
192911,97400,47789,55270,163002,1
129717,168105,8322,180405,109800,0
133215,120932,84584,66208,85670,0
92583,22881,61890,171547,149588,0
73169,151408,167566,165691,75729,0
184532,164161,9331,160357,81280,1
37028,53118,11059,101970,85504,0
193716,86114,35998,91708,185145,1
143798,64752,72372,54896,125480,0
132807,150900,100799,159777,153743,0
51384,177708,52853,163637,97382,0
84387,154475,197904,102464,43345,0
123972,107391,74800,193975,31646,0
54693,163218,94381,71929,118773,0
19993,194938,82638,172606,193166,0
96238,94528,62799,142535,68688,0
56136,125052,36301,91317,122497,0
140150,141246,52709,199681,144482,0
65169,121159,2393,161753,1362,0
6225,173788,18052,57903,105606,0
193864,96784,49575,107123,168725,1
60018,183967,112722,157152,21802,0
117156,21668,136035,45815,65308,0
139026,100414,151005,41430,187311,0
189977,18971,87521,189061,40509,1
109166,166715,11448,141144,21926,0
117225,1004,171217,70815,64521,0
135663,2112,153038,179356,9942,0
91210,316,30356,75688,143616,0
196603,136680,196163,8451,91236,1
196881,92420,6615,45033,83138,1
170007,53136,92011,188911,198922,1
102319,32455,56206,129979,14050,0
132542,198973,159358,73588,50008,0
98017,25534,88660,116770,148384,0
109590,155171,193758,64754,183795,0
195987,104147,131078,157710,29750,1
3369,165261,27922,1572,63363,0
178961,63860,176979,57209,134380,1
105236,186320,38889,80999,37401,0
33409,25376,51214,15454,56248,0
96990,87716,193977,121574,164237,0
164190,167939,194792,152308,181364,1
1309,116066,177206,82593,11789,0
171489,124006,126296,151551,189916,1
47425,63661,173492,84270,186889,0
113535,102823,83260,53417,81535,0
148351,90719,18172,84614,32065,0
78200,23864,62187,158797,180719,0
151474,166697,60426,111376,111363,1
134829,150768,181439,161005,75685,0
20722,26946,95910,130635,161016,0
71532,166743,28007,44127,167514,0
157093,111556,9689,141500,72620,1
167433,56320,19757,74638,108502,1
164228,16134,79074,118140,94206,1
80076,193222,46847,75388,88346,0
162278,119609,35866,139958,49790,1
91202,92165,59415,112823,96941,0
111448,117247,156317,57835,75542,0
71889,115655,137937,12906,47968,0
65938,37501,84273,13419,162080,0
151455,82946,159432,179810,171092,1
176042,16115,176081,127086,89606,1
26060,95276,146069,10463,62107,0
139330,58343,99159,55641,146239,0
57237,58374,179298,115443,160182,0
35114,106595,177837,9931,33315,0
168456,174084,69528,42153,103529,1
98001,178330,76414,166028,169470,0
47539,64700,997,73760,126417,0
134160,118301,119527,186592,75480,0
93674,65325,3616,39085,184419,0
160226,132099,123474,160697,133798,1
2114,47031,82471,105787,86769,0
185037,105815,117371,43276,174620,1
97498,95682,118820,171904,100620,0
9621,130951,39927,79691,125438,0
34848,132175,105353,131687,48931,0
183863,173967,196581,183328,167473,1
117594,170079,116626,137545,30532,0
155633,198404,140619,45808,194040,1
104651,197874,34902,181088,71127,0
110895,40595,180447,75869,109891,0
197856,136454,177567,83609,165884,1
62829,18466,48626,67230,197602,0
4922,188467,93940,79588,90403,0
170876,119034,148429,119163,165644,1
71618,22345,183388,94292,192053,0
176877,176820,14298,172338,141393,1
98985,150162,7301,95205,87119,0
73882,126954,68103,163349,15267,0
138053,164411,18333,59641,191289,0
124158,183894,153064,36275,76273,0
128143,119463,595,46722,173604,1
56078,157629,174004,192885,194432,0
110528,78044,6587,47420,154135,0
56164,198966,124403,127321,132297,0
21689,7613,36936,94772,156563,0
40177,172791,123664,98004,191946,0
65269,38861,17447,129901,37720,0
153659,68723,32832,76869,63696,1
117253,75337,123155,84121,165393,0
184403,167866,23710,49223,50600,1
170938,108788,97651,73356,135156,1
85185,73493,11259,40350,85698,0
108935,195159,176817,136598,36452,0
30108,75999,171692,193116,25632,0
69801,74984,24096,36330,63307,0
22307,158862,75763,64297,23032,0
43802,106273,137912,135118,71149,0
75106,33784,178137,140609,171066,0
110512,136202,37922,3523,143987,0
84730,151568,45691,135032,50539,0
81933,132951,71465,30531,137251,0
124964,169789,165811,140653,91532,0
75223,29265,92279,23927,163092,0
165747,91442,122477,19681,464,1
148705,146373,176966,192146,96812,0
92741,199976,143634,118267,96899,0
11899,125790,180008,71605,28019,0
114054,141252,109078,121082,149830,0
93947,194192,190863,44557,138920,0
26445,190247,168613,18984,1140,0
178023,187934,21332,5689,21068,1
181145,5157,146579,162902,192422,1
191861,108250,168360,78448,169140,1
155001,9329,20135,183563,33862,1
117300,183067,24434,147737,95546,0
188638,23220,97091,129030,99794,1
146257,132156,111439,34170,77641,0
45419,153568,159483,151805,138006,0
1116,5444,30076,23783,1756,0
64217,132130,158611,108858,49118,0
102231,164190,144391,69531,161755,0
6425,197804,191737,151125,186618,0
52534,99971,11881,166859,21784,0
60320,14271,167284,98136,86002,0
152566,27475,99598,179973,73392,1
35217,150049,139111,15249,141056,0
155173,57431,12393,105026,93634,1
121925,187887,38781,34384,155784,0
183873,180372,92964,62842,80133,1
176703,93021,49210,71527,126764,1
153703,190815,116180,6791,185237,1
25553,187519,17727,15209,82147,0
68117,78426,152973,152962,148555,0
26551,192930,172014,38595,57323,0
73352,157388,41285,114975,77594,0
38286,110553,166070,107587,89176,0
172809,154042,126963,135095,146694,1
126819,70959,35846,22328,190062,0
71860,121252,65700,191475,27854,0
185122,178491,181884,40796,42700,1
129880,169140,21004,157298,151572,0
160349,168538,118657,19554,91452,1
142382,84462,152893,84450,139427,0
12231,150819,18269,171583,57231,0
188801,117956,194643,48238,171907,1
118210,32002,160323,57987,122006,0
134193,163743,193953,193511,82309,0
14691,192591,83578,113419,128861,0
99388,196045,176413,148562,185518,0
19161,25743,18935,68234,60871,0
177397,25399,89894,2238,96752,1
105099,116084,122540,171290,77628,0
171237,111551,21005,53537,50227,1
47326,9562,79700,77032,112219,0
121935,7490,38294,148316,27787,0
15567,125245,194083,7863,48698,0
161477,104738,116921,183513,127052,1
179751,105981,82115,30131,37946,1
30752,199942,6554,156944,165524,0
127865,146518,123796,24718,151700,0
59044,34638,114144,105388,25508,0
41536,149065,46024,51342,27048,0
125217,134126,49619,2002,125321,0
176735,65025,185277,114987,73840,1
21980,10212,168828,192018,140317,0
190613,190625,194877,95002,58994,1
174616,6831,94256,42329,183943,1
61684,191211,67987,173454,119941,0
99836,164958,58831,87783,51479,0
150805,178396,66306,160571,46898,1
33188,45207,163798,142681,46308,0
184594,186550,16882,85062,57400,1
147966,86240,92810,24263,6552,0
189798,27890,149081,138312,28166,1
75332,191245,171367,144666,68519,0
173732,22263,144317,3543,199966,1
67684,155706,168915,30982,65219,0
121201,10768,172549,110263,21708,0
11663,149542,131378,168844,19818,0
171866,32365,171053,140047,82376,1
34358,76668,121682,133520,30027,0
44819,198087,126178,159099,127779,0
33951,169336,122066,196880,127212,0
105731,160638,176008,75359,150457,0
16730,100309,91640,116278,30745,0
100063,83684,192736,47055,20860,0
172146,155836,49091,2590,13620,1
177775,162681,5233,110015,127628,1
131636,111185,188489,181309,59014,0
18856,187990,79038,14013,13854,0
116010,77787,4038,155167,180777,0
38165,59254,129424,82399,105796,0
53532,52260,52975,130927,157261,0
44141,57878,18227,21331,71250,0
1498,191021,164538,134157,104040,0
63126,98399,59560,11858,174176,0
191766,166223,27325,104473,21629,1
159997,120669,134768,24268,177790,1
29185,168043,89048,36995,97144,0
36822,157774,110580,167667,37313,0
73626,114675,191345,4206,59229,0
46353,196217,163034,150999,125313,0
83882,20316,191289,72378,194872,0
139690,12438,44803,121443,136958,0
109050,18015,127600,111786,193295,0
169655,3178,34775,31514,71442,1
22813,111381,114306,51804,155508,0
2173,169326,30323,159240,136861,0
130051,24354,176014,53636,159151,0
172562,195151,7988,103045,65224,1
61106,166726,39832,22201,171855,0
114898,113784,8118,140518,63594,0
26394,38928,39835,86349,188827,0
3354,139766,165333,184419,190812,0
119357,127346,22620,97127,179033,0
93831,194693,6132,70451,162019,0
142912,144020,105800,65570,15267,0
39358,114054,137920,30065,98047,0
179770,122721,20567,86464,175019,1
164626,73156,20823,31120,83451,1
172303,119865,183201,181885,74473,1
9175,153101,41633,88780,110373,0
94538,16307,174741,160831,139510,0
187915,3833,128489,81900,157788,1
79470,134943,148673,193031,105794,0
162418,34012,117305,115442,19184,1
32702,73465,37879,48785,8054,0
76133,60592,61566,65215,23670,0
21394,178372,189473,95464,6662,0
59346,148773,173222,156298,196814,0
21763,118492,73635,88747,168637,0
150399,174837,6740,189929,199876,1
119798,42182,86984,54219,68550,0
175483,45573,129584,116286,3926,1
139802,173955,150315,8814,187924,0
16657,110421,148589,105599,101376,0
150632,31990,164014,134860,186885,1
37472,150613,18786,133845,32811,0
199155,15977,103173,170520,130700,1
87499,74399,81955,86139,60504,0
46678,64610,98710,144984,9816,0
9004,187857,187045,24059,171791,0
115953,124815,15271,22796,160655,0
163029,61043,150421,115070,67088,1
159614,136387,141797,40629,70056,1
63386,118733,44320,114662,115114,0
151761,78022,65439,153345,112224,1
20684,75889,34779,11931,191485,0
68182,58770,106677,92078,78636,0
69854,2704,94151,142027,189867,0
63475,59648,116811,15861,8698,0
175104,56365,161290,52220,135208,1
20816,191738,49345,161742,161908,0
6059,17127,23367,109356,167331,0
191755,177518,73574,10008,89717,1
5085,180412,163825,174823,149710,0
120975,84267,171877,178005,92516,0
193537,164809,6661,82942,1770,1
45750,110232,81216,174274,184624,0
172563,159313,3387,198537,147976,1
67690,36447,139656,190405,196620,0
74480,151549,52152,107130,37248,0
77509,53958,43334,128717,110344,0
116814,11805,171501,93718,67150,0
22704,53829,85849,170954,63009,0
109096,91679,175613,169064,167862,0
106241,59107,167879,177101,73859,0
194568,86430,83113,26849,1189,1
170006,51242,52568,151686,121925,1
102267,130558,64654,41707,148573,0
126485,58873,144809,128305,138451,0
2147,137896,121691,55385,155597,0
111394,9525,170054,97436,96636,0
78513,37434,137329,167687,117168,0
10226,15133,159,141678,102556,0
130486,149007,145780,151434,10377,0
102837,57780,38897,30095,122696,0
136004,120172,172320,195754,65821,0
49511,128446,61994,112935,177480,0
161431,46765,71219,110427,194232,1
146675,160143,145983,82456,198479,0
117999,59412,154565,55733,40055,0
121097,66974,75789,147770,141763,0
149207,138425,47026,32441,15897,0
77359,177997,128460,61450,74175,0
154872,194013,84479,125035,47671,1
20238,148459,158955,136463,106312,0
169591,193965,89665,55820,94350,1
72054,35502,143305,177416,7535,0
105854,9324,88953,149866,38929,0
90998,72450,186899,16506,171639,0
120175,131547,156213,58388,168655,0
151605,106838,190050,111704,104625,1
64452,151864,100589,42573,170560,0
98050,181137,44181,82021,110253,0
165198,61035,47706,10670,48734,1
35660,57106,49902,91531,184456,0
84205,187835,36585,1972,150430,0
153866,187142,118905,32212,180048,1
97072,183112,166633,79957,98125,0
187772,52152,194821,28297,97979,1
100530,73297,119744,158583,161073,0
175289,156680,102187,145322,32310,1
20497,28969,10825,18857,39101,0
183741,22324,170276,116033,184507,1
159365,184347,31096,111282,104490,1
63992,7973,69066,57749,2480,0
117838,42804,37022,177176,16311,0
188415,92097,196889,93483,813,1
74742,112889,83959,88107,134443,0
126753,102339,77261,46652,95510,0
74232,12382,179717,74616,111068,0
117885,146003,196691,109807,44178,0
43998,55536,100189,96457,58933,0
32292,46015,5427,129149,112916,0
139990,91127,56100,128538,36920,0
175287,65273,184484,37805,2332,1
81807,132261,32540,85875,199084,0
96368,65167,1695,11950,9982,0
150613,62072,197668,70120,9545,1
161291,50684,99938,183607,65606,1
14585,161634,61550,187859,191473,0
57432,84137,68807,3209,39693,0
66405,87627,50464,87691,156314,0
122932,161781,65624,130342,108846,0
100052,90065,51339,157104,17701,0
186366,132006,122369,197668,162735,1
147112,22074,52719,142556,188893,0
34641,17068,121719,30418,145321,0
172054,196844,138111,64265,77996,1
87700,175107,62992,7328,126259,0
136577,190212,124147,195821,90549,0
164930,88118,122426,6319,90204,1
71630,56647,94597,114798,146360,0
139746,30114,71419,54738,31141,0
130605,179733,70575,59295,116898,0
66989,52035,78992,199526,182666,0
112106,150839,70092,22901,95946,0
150660,148062,80876,45116,192881,1
114284,52850,93417,92081,183322,0
127247,138664,78130,15311,112765,0
82193,100428,155851,63079,23938,0
132020,83157,3941,121219,100252,0
115059,193447,24836,128810,42584,0
165320,19988,63193,94386,91084,1
3569,19092,187434,167027,63790,0
33190,38746,45356,136009,35773,0
162325,174209,68479,107368,46101,1
110187,72709,57968,89996,169443,0
106682,47414,104562,149442,149441,0
122499,130372,55991,45442,187438,0
58564,150075,79642,137549,165269,0
146776,47853,126033,54883,5898,0
176238,88406,82925,73829,109780,1
95973,129979,113627,93694,25318,0
114320,73030,43798,42768,134826,0
55843,179618,102611,176870,53961,0
13730,62901,107082,17236,115479,0
82943,55124,22232,150704,73878,0
166810,89316,135657,154934,89764,1
193499,118201,90308,151699,49847,1
25734,92937,121950,24849,52054,0
139578,76628,144813,185055,83811,0
62752,98661,42190,144176,132190,0
141088,107277,129693,56001,55609,0
14399,140534,91240,81276,24514,0
177686,99815,97220,24448,174064,1
181269,100800,75803,131683,30545,1
131440,82549,89039,130987,187929,0
65488,123734,149831,6715,9756,0
125946,91785,94577,163503,113233,0
166314,99059,199027,172518,188830,1
132166,25157,134529,180046,117408,0
181467,71845,69823,158018,173282,1
160754,92201,15664,28657,34871,1
44540,47053,55010,197904,178606,0
187168,156983,78894,37542,3931,1
187798,10166,62118,44920,49532,1
142632,146274,125936,117450,157995,0
130578,19910,6672,76671,55986,0
138169,10801,142662,103131,20872,0
107003,37238,108390,163528,53473,0
58560,53338,98175,125590,150188,0
198833,45994,151839,125059,143647,1
108731,32464,168432,161493,38852,0
43440,190128,30822,145659,148704,0
72189,118400,58785,119522,132291,0
75260,109054,973,74905,165414,0
167842,61028,141902,164790,131624,1
2889,116336,154616,34778,53769,0
106425,74164,58182,134311,122678,0
25448,142583,59366,127311,15443,0
132876,142485,18903,60006,43305,0
149000,49430,32794,35812,33829,0
176369,128138,46949,54594,77369,1
116748,157986,191004,149775,114042,0
62353,19276,41262,84810,58971,0
99529,67753,166063,45463,170716,0
7419,181851,139120,130868,8418,0
129775,5393,30979,177827,133385,0
195952,142605,17289,120786,69735,1
74071,157541,84239,166044,157176,0
183181,85238,165392,172575,94087,1
168575,120551,7979,182830,132297,1
162469,128088,136101,109910,194660,1
114476,171114,131408,184542,196631,0
143092,108296,198198,170863,85297,0
109798,150478,120143,33855,168758,0
14763,135664,14687,44870,191299,0
142109,41130,11864,133865,164719,0
195076,95446,34970,91617,127255,1
198547,14107,29208,92914,189112,1
6770,114355,141679,149187,75917,0
42396,106165,122486,23869,153123,0
52613,69928,136220,53507,190989,0
154256,192084,71616,1185,112272,1
176561,73852,10584,71693,91321,1
70679,59744,107622,194610,140543,0
65370,121939,183092,195989,135611,0
128996,110050,6303,123752,170795,0
35903,6865,9663,104606,82588,0
199620,119031,78797,53301,178467,1
169421,180449,27299,54696,105076,1
78707,35582,101301,45409,162994,0
123748,128682,162694,132240,106383,0
1695,83381,19572,21062,160292,0
121314,6922,53952,120285,20285,0
64680,86205,184702,139299,100590,0
245,60989,118497,167282,168096,0
23345,94306,70334,183634,155684,0
15063,78712,7935,187425,179375,0
124012,78901,28326,38418,79777,0
180051,180759,179221,169313,197559,1
160830,57328,165059,114953,24258,1
3111,96992,160417,147344,134932,0
26989,150447,128217,104324,130093,0
47242,129434,101672,87937,111580,0
22773,142533,114855,143661,148333,0
190862,28051,136244,133303,166491,1
13388,25127,65713,780,190089,0
17520,184374,82806,147749,23262,0
11949,144024,63880,146755,131721,0
141250,82629,114717,130706,108595,0
89975,188735,84363,160805,178506,0
13325,73187,15985,155233,57218,0
59820,136908,156128,56645,32800,0
150134,125381,15463,175883,49211,1
184719,51876,878,8811,153877,1
47867,56694,82285,1982,105187,0
61085,109777,194033,132552,188880,0
135344,49109,34610,7657,181384,0
119474,161907,164264,41039,4128,0
29458,53435,135482,119210,54558,0
93024,92400,138550,23198,114127,0
66024,42630,158497,67001,66963,0
90271,194169,130065,102131,72051,0
14587,111516,143498,183329,94400,0
162788,157993,71242,29596,90633,1
177637,170559,118844,150246,133857,1
157627,89998,60509,32427,35533,1
161580,105647,2895,57571,32748,1
99687,160740,162984,22271,116267,0
183890,67312,51722,79385,154349,1
143831,89169,96968,196058,161328,0
114926,6087,103530,59207,165510,0
104285,93529,60394,193445,123462,0
125841,7567,23360,95885,58080,0
129212,69042,115239,154432,90977,0
98726,192274,130344,169799,191202,0
101205,2754,53710,171287,147942,0
149694,39881,198450,49564,158630,0
113028,88455,92856,93663,112634,0
19919,88201,89559,68162,76851,0
158638,169520,153507,25614,96758,1
34962,36226,96731,196648,138118,0
186198,77657,113191,172336,155469,1
145746,148966,131690,7343,29911,0
46982,60643,185230,161870,28918,0
69119,34153,188042,152985,138225,0
95653,17523,48188,141575,172876,0
174204,26234,27563,147430,93283,1
188848,133061,22904,30544,167827,1
198898,174592,114193,140884,52769,1
101294,188589,13753,155349,41322,0
6820,127704,78192,5499,189457,0
95561,28170,11735,72976,187786,0
39480,146110,19250,99538,8061,0
39687,66137,162502,170002,17886,0
7993,195173,18201,198193,161171,0
171196,1817,68485,94537,75613,1
174889,155078,25862,108517,158543,1
88287,150541,71384,69377,62034,0
26976,148945,92447,20972,121069,0
136548,29055,129431,29737,185641,0
157332,107839,112770,113641,83814,1
91850,32191,38137,167449,97942,0
79654,132616,181780,51375,24670,0
52061,114315,76164,171510,72874,0
80595,175024,116021,89039,113527,0
50356,19657,142405,193389,104500,0
127267,172829,94679,131313,121911,0
180622,94296,160496,83577,30110,1
137510,193980,20254,65017,2677,0
2663,143235,112980,187070,69418,0
164563,49584,45827,157738,52778,1
61297,135315,41541,66469,140445,0
166541,181157,177661,130245,113105,1
104925,119787,76592,89320,26952,0
24911,126675,62048,31634,62085,0
35286,125770,170374,5992,197659,0
147122,135381,85009,20803,40099,0
186027,87011,1477,113411,135714,1
77120,149438,44639,3,130395,0
12582,139075,91304,129288,53739,0
88756,47173,70620,83089,116247,0
197563,189423,197944,144088,101420,1
83439,51637,85171,61067,111529,0
122033,143669,160026,39343,72934,0
114157,142167,82806,109723,168878,0
101929,159440,103978,198108,48418,0
101408,184414,132099,41331,195943,0
33196,173492,150085,47095,196256,0
176412,34419,43882,39399,162453,1
9172,117357,11500,83805,8750,0
76651,70461,17097,96301,185983,0
89154,54376,38550,90893,56015,0
199139,83972,123234,175101,98548,1
187423,184500,147198,108620,166861,1
94484,162140,27537,47937,101585,0
18806,66920,24131,82118,194771,0
179934,101062,64434,69204,75264,1
174304,137864,150289,4341,172425,1
64894,81379,89291,46402,198169,0
10164,166695,72235,74298,96777,0
58757,186940,164159,105296,62125,0
167038,87,88017,188803,48307,1
121980,157786,108484,93535,175225,0
86181,54368,74129,199153,113861,0
44425,90998,157246,155026,159458,0
176702,136883,30740,75636,43409,1
100088,185474,153113,69723,64030,0
165250,136047,182706,17182,131360,1
137989,192689,82251,7945,179100,0
69489,175414,92989,125861,149658,0
38561,77097,94359,8360,186398,0
14379,24204,176227,118416,2158,0
35778,159668,93418,187927,67030,0
83453,102157,32085,163246,161234,0
185668,30319,143389,150142,53778,1
62294,114555,149837,160100,103185,0
185411,148730,77333,45446,177129,1
192211,151758,67380,163310,70834,1
65914,5545,17051,59892,191894,0
16447,29424,39854,92890,15847,0
189552,31367,99237,142072,94802,1
7336,97133,143888,8383,183115,0
144248,65745,108178,27862,146542,0
122730,32331,18929,79587,191193,0
182021,114001,125857,73000,123051,1
193640,107673,170573,120334,153089,1
131298,133728,165076,15546,114547,0
140574,80138,146841,52534,135714,0
19233,68356,160514,93151,152025,0
26580,179826,143922,38031,14618,0
160425,132861,32067,105091,69556,1
115156,46984,161492,117974,58247,0
183631,134661,100562,151173,174180,1
91459,179336,182162,14328,5169,0
41841,120322,156686,40282,123896,0
108761,124042,58867,150115,90355,0
143789,72299,164862,71554,55857,0
162447,52906,6508,39598,7198,1
146438,42026,189060,137266,194716,0
111757,174032,18826,114688,111368,0
126825,80653,195487,183060,14259,0
172029,29600,194591,108690,92939,1
87413,142643,191718,42491,64025,0
61645,66781,112837,100707,95505,0
134382,112089,172684,167686,29253,0
74366,61743,186559,178910,100887,0
86434,191059,22529,54354,8958,0
45289,206,105885,175943,26004,0
45364,37772,102726,146875,84518,0
166574,6522,17873,164519,80369,1
84653,153813,100295,168549,180218,0
195827,100446,100207,36827,41975,1
45071,19846,191736,159842,22242,0
115137,5795,164315,67158,24882,0
119600,93458,167114,128361,93729,0
17994,88008,22085,112823,139830,0
70393,197637,160813,27538,81159,0
88434,4253,50579,109827,173915,0
144170,8466,68741,12841,130047,0
185537,11734,141639,108240,37661,1
87854,21743,85170,172696,168897,0
118699,135111,119729,152034,195843,0
90760,55355,193294,106104,67206,0
54574,89280,58572,91706,51623,0
44317,196833,174962,60149,145580,0
30679,123716,67767,44440,98882,0
33469,166484,199657,101240,5788,0
19299,73086,117136,16997,151199,0
74620,81845,152827,6526,54399,0
134083,116879,172986,101172,45245,0
56619,188811,79638,177963,101473,0
25160,137513,25268,115002,110104,0
18304,15827,91839,107412,95742,0
164028,99883,133623,54034,119373,1
63524,136016,87520,30272,14948,0
100876,182069,114286,176663,58754,0
167486,41002,184756,171037,82701,1
152966,178664,21063,7113,123252,1
70338,97553,45012,34292,78116,0
194515,198085,85722,36050,71913,1
61846,134673,93284,2920,84266,0
15071,82850,166523,25698,191944,0
25082,113507,109171,152842,74700,0
37399,173567,13342,171148,156936,0
46205,79584,73970,78922,171189,0
82532,39473,3437,177065,186933,0
18452,167329,146840,116978,63619,0
89080,195697,162833,88914,138047,0
4117,144631,150301,102927,106913,0
76919,149020,78757,23848,72578,0
39608,74418,70330,90480,109376,0
152703,103995,107069,86101,70102,1
137354,59447,33068,25268,174047,0
35114,17005,135272,13985,161906,0
166350,96264,179411,175247,123869,1
92963,191517,78778,153534,191365,0
130568,42354,76771,40197,162491,0
4861,124600,51124,46211,104507,0
186243,41259,44894,3924,101178,1
194339,103026,69054,33623,189794,1
176490,124200,57280,83140,190044,1
98894,145965,57996,57231,104206,0
154240,32947,183533,179129,185364,1
37744,11473,9954,142563,144144,0
53007,3651,44804,169812,117372,0
111541,98283,159218,146924,80509,0
75339,103059,194698,75453,199622,0
179276,180516,175170,131716,76122,1
168489,183956,156058,118425,92712,1
154285,127593,188189,193290,177826,1
197740,110161,62825,17569,2580,1
74991,103409,84280,187442,169284,0
97675,179459,5740,156765,54862,0
54637,46797,130057,169632,184993,0
141531,88370,183064,58144,113679,0
192764,78593,179762,26345,149445,1
29822,87935,21937,111519,154836,0
176244,99728,16679,132645,7720,1
56984,188488,107875,156402,137847,0
193396,42611,50632,36532,57022,1
60075,39983,114637,95847,140008,0
180042,143527,9089,39101,17881,1
153306,120150,110876,24644,78413,1
110351,95642,168620,163501,181571,0
113033,167475,138231,42636,85569,0
74076,66158,23413,104776,65673,0
101996,94301,69370,30855,21093,0
66421,179587,76130,118493,76828,0
22705,138719,146600,135356,7916,0
151309,47422,115018,146525,131696,1
139551,198022,160738,81132,118612,0
26021,181069,41273,107145,103592,0
21060,34104,10527,150682,25160,0
87134,95170,71998,68126,54752,0
84657,130365,50668,102785,183326,0
21923,151723,9770,144038,72713,0
186744,30186,29086,91542,32518,1
117718,137264,73295,35578,157501,0
93675,153393,85445,20001,85023,0
177877,102164,9253,44661,21365,1
40518,46263,85190,88774,179552,0
166978,196880,99704,96418,20589,1
66651,24356,108868,7289,147249,0
87295,19778,93946,84125,57047,0
14469,147471,29392,2237,50262,0
102670,102814,42822,138538,1364,0
63699,64994,184979,192699,38645,0
95432,185788,35242,160427,123122,0
135038,59361,91477,194867,49191,0
64090,135389,193609,105349,123034,0
91346,51910,33704,74309,146245,0
198190,85486,159282,106054,157781,1
64468,43009,130995,97933,99302,0
22406,177706,5590,89848,194532,0
97559,193052,190820,136222,95659,0
187659,184095,178202,7929,197462,1
58872,127025,93762,160306,29261,0
65093,179706,68150,88988,123523,0
171320,133994,57632,148226,75276,1
68771,162213,48298,107658,174902,0
115891,103679,127767,31896,123379,0
180757,164967,117486,36907,103471,1
42012,150943,140713,97631,100835,0
39947,28613,170726,135462,178258,0
93718,100107,5734,119832,28752,0
133668,88448,117351,7617,83666,0
160132,95888,10894,35799,111790,1
123682,158902,109431,179170,145407,0
165338,188156,62355,39396,164925,1
25888,193682,139802,165973,63467,0
59672,66552,92050,14565,51264,0
74745,67266,185867,68961,62388,0
65219,147650,92165,74276,1231,0
154628,177754,62431,117255,10099,1
11564,189051,94443,39095,18076,0
118940,161402,151038,47535,176162,0
111883,111838,135781,24928,69986,0
151581,75745,157640,153948,7541,1
133930,105914,81253,189537,169319,0
113180,77268,85108,181612,196615,0
47083,63222,73959,100072,84661,0
72884,46219,160258,24123,132887,0
193305,157670,50354,142731,45823,1
50252,127780,132609,65977,126709,0
22024,108924,81811,55111,197953,0
126840,168300,35914,166072,79615,0
36346,72232,138695,115656,28817,0
33162,3923,74425,79322,147855,0
156416,114723,30490,121096,142802,1
137249,9386,48905,142831,67811,0
131042,6368,179238,139551,193166,0
34778,140019,64864,12301,187678,0
50090,166080,127846,20279,190719,0
192491,121323,29331,143268,189689,1
136613,62458,90646,70840,155951,0
156063,84621,26199,154027,166671,1
177087,114622,16178,154025,199238,1
79491,43093,116742,123754,94124,0
148253,56111,55193,63754,5391,0
103850,193473,161916,141632,96691,0
79876,134074,135735,10653,127684,0
43087,176354,8289,3299,170344,0
96400,145497,103675,147769,88482,0
1719,64336,100822,178709,95348,0
89684,41955,171286,99093,74347,0
134429,159932,7721,176544,133070,0
143205,77068,118492,123660,74471,0
28449,147825,63260,99410,140857,0
75328,92394,179119,40629,146323,0
38976,26153,162303,100250,163163,0
183960,169392,165764,37232,87538,1
147860,86379,107848,133175,112121,0
192315,89837,147209,41419,110650,1
152682,34856,127709,191393,72125,1
97485,182858,109088,5143,194335,0
154901,194926,177264,49964,146414,1
69565,21710,77785,44232,92559,0
47288,41819,42772,1583,8153,0
174264,102523,58031,73075,96579,1
142317,6814,39910,106262,16234,0
124872,75179,62843,45960,86425,0
152883,83291,166549,120479,184870,1
37760,66305,100577,90025,133033,0
161733,73802,27069,77342,131119,1
136226,147020,71120,95183,147843,0
118605,112606,175230,48156,80224,0
198240,116725,153076,185073,179452,1
14335,171598,102896,133308,91417,0
12530,58670,113425,25716,188726,0
187439,192236,97318,24247,66004,1
1460,59891,24991,14928,121974,0
126676,134043,115822,95196,101465,0
91923,65167,157813,184090,38607,0
71147,50195,41630,41540,160908,0
117675,130843,151231,56589,27905,0
42627,115959,151305,96115,135985,0
137826,73787,105084,165629,72384,0
94052,110155,134170,22216,133879,0
37162,47850,18862,85181,137457,0
152134,16663,153631,8318,3846,1
98655,187298,102906,110224,15425,0
192311,175321,192926,145067,55354,1
42839,107041,95311,151285,62233,0
49092,99057,35705,41937,34298,0
173406,15144,126337,41271,109004,1
102866,45079,73659,39050,143781,0
132944,14715,73195,134130,80486,0
197896,144263,27893,173394,148175,1
101813,151165,24271,160449,104521,0
161790,105643,65298,12550,191810,1
39616,1521,29906,159905,74893,0
146134,186697,137195,96603,45618,0
28533,105324,15593,70316,121476,0
159180,169223,6391,80876,196324,1
69373,74625,90834,132343,35441,0
43298,81502,49369,163894,158811,0
166541,131843,97721,106795,73501,1
92615,160540,63452,123962,174181,0
146851,162075,65532,109725,190899,0
178061,151415,128099,13590,182559,1
138508,189439,175956,56879,59698,0
152727,138315,48371,111776,138269,1
170895,79898,156735,69641,112020,1
118137,195458,164725,174509,172558,0
190001,152364,137114,185805,4903,1
154822,10745,199295,61253,88882,1
179366,193240,152562,112892,64200,1
28282,183579,23145,188888,18073,0
62238,74045,177566,107250,141121,0
32200,86499,142765,24817,154899,0
53039,75755,70388,20169,74114,0
97121,44965,20951,16289,3829,0
4331,1861,110076,161500,66451,0
67957,117970,51519,28151,67196,0
153254,186502,155322,180384,183358,1
88599,163654,114198,133789,127667,0
73597,162672,97240,131281,83997,0
76591,68661,123776,45011,12540,0
19229,157348,2087,117171,21769,0
88412,84598,46288,181792,152225,0
49599,59055,52672,165585,169148,0
10324,13995,8213,56196,145327,0
176761,191687,169897,163127,113675,1
176603,125660,105848,80430,59932,1
192849,63043,62132,24040,137043,1
179120,170950,79743,25058,155507,1
187850,117454,186560,166581,6380,1
170353,62637,190271,125952,45065,1
126957,189459,89324,99136,53681,0
20455,45860,129839,54401,165158,0
35224,25292,86396,197945,183823,0
35853,81145,52208,79208,118536,0
22570,63169,29686,163235,148263,0
43718,129140,49155,60181,56940,0
184331,138100,97549,125873,186715,1
180977,3285,158014,46734,11770,1
108369,88015,48873,195258,21600,0
101875,97040,128516,74884,123815,0
40945,92076,129549,123271,49271,0
162367,37529,196429,152974,58196,1
148142,180161,68626,197279,150726,0
9700,172359,118173,43700,190004,0
45421,111427,188187,125173,158337,0
10266,189807,78359,41010,46226,0
48543,153315,127991,90507,91286,0
30412,139946,29419,138252,58331,0
5147,38244,176643,99382,105981,0
68836,178032,175922,38279,6414,0
51296,124924,57935,31480,112821,0
132003,20916,147573,17874,128696,0
48522,141370,22525,100422,189569,0
118652,113902,183469,48923,16258,0
179054,93875,33281,165495,10606,1
102686,135652,66530,12901,72870,0
151882,18363,169934,56858,10732,1
75978,78663,154524,24370,71500,0
79726,125244,66906,56374,175522,0
21670,195757,157533,28280,193232,0
142460,115914,42626,21713,195616,0
140311,194029,140680,172298,117458,0
72787,71895,89784,650,85924,0
115293,87033,134649,133852,139306,0
34784,111857,66474,98786,148410,0
14681,121702,92684,63556,67417,0
160360,11902,86694,175140,79593,1
45702,107660,195979,82350,192271,0
26396,94108,1391,131010,164440,0
119145,179923,137904,20560,37586,0
131823,3226,69953,52370,8559,0
189218,14551,59701,20991,140489,1
88296,149999,147306,106146,178359,0
139757,151149,171359,82088,115697,0
168051,12533,147266,98002,192893,1
103302,128153,103605,75332,108888,0
57213,77264,128767,167442,77430,0
43070,80386,112292,106635,27778,0
36343,48703,85041,10539,14935,0
40151,54439,41421,59985,165895,0
179781,52632,52144,61446,61844,1
53744,181516,168058,172156,136339,0
197863,95927,5526,60668,26450,1
31905,107094,86283,129978,111264,0
72499,184067,52637,50443,174346,0
32187,72655,186335,57894,133866,0
20574,109462,105730,14229,47457,0
107288,29496,64632,115185,187103,0
177067,149313,107789,159751,40204,1
47909,52555,77659,7127,22348,0
188597,60899,80502,102760,194223,1
163924,110495,38279,122559,3494,1
37084,36253,103511,194785,104826,0
77849,3138,22772,35595,151388,0
89290,87114,99827,97028,170485,0
199189,85127,4170,4484,95083,1
169745,75210,85651,81633,66014,1
84096,143418,43664,189626,3823,0
157713,125702,132161,106287,31535,1
100287,187600,140812,198671,196284,0
177436,99210,81025,147117,71926,1
107065,40658,87119,66354,178296,0
2429,31840,87494,141515,136431,0
69104,41281,145044,3188,185114,0
79698,10522,103407,99878,141588,0
198395,151480,75218,176454,142666,1
171469,169117,62779,191178,18167,1
187792,179008,481,92450,29684,1
82086,18185,45980,1305,31553,0
103760,99921,101635,114921,179863,0
155849,81911,111513,81395,31942,1
64433,38476,168574,173103,152733,0
188748,24616,169475,82648,75918,1
28065,185164,197218,184186,132787,0
182206,72119,86067,76900,84022,1
134172,24715,34570,104506,161719,0
134471,140399,141337,124653,106154,0
28056,115474,159369,16578,47350,0
33703,76608,90002,130639,88210,0
59085,77864,53431,49794,82852,0
3295,111789,80170,41066,73382,0
78676,146233,147504,159613,15840,0
45141,14454,170923,8519,76229,0
140128,5637,99780,103849,148406,0
148310,73002,87201,93198,160442,0
132272,69342,105032,172917,162727,0
186131,17745,49666,34248,140647,1
188651,133756,130796,99265,133190,1
138528,19853,154898,75344,84826,0
102396,64799,74995,24606,92970,0
138744,14897,166001,179456,108816,0
57735,133784,14216,197384,137678,0
101498,198051,2282,75954,174355,0
137193,105192,34636,195738,157986,0
36526,3684,20169,121820,181601,0
155237,66916,66601,105783,198193,1
104008,78492,143832,99317,163561,0
143723,172424,91243,21020,139925,0
6034,62612,70869,119153,103645,0
173432,10731,131855,199601,190951,1
11734,51233,142922,14606,37403,0
167481,157477,35089,123347,124951,1
26311,29717,28300,169275,61531,0
92748,65313,35195,189907,135532,0
195781,77987,128520,16075,80532,1
129470,160244,45607,36833,128672,0
55248,175238,129769,11377,90289,0
183910,197955,2017,137700,98690,1
62753,78622,147029,60334,155400,0
111494,129996,189008,106419,15956,0
5984,1395,153809,149750,156580,0
110348,198710,190339,126566,93793,0
116882,93871,132689,24706,188709,0
67677,81246,132122,35386,11709,0
40310,18253,39162,76344,129414,0
41841,11258,114738,136375,75951,0
74314,21501,44375,182947,155550,0
107028,23009,167897,169405,43058,0
92836,144779,140577,9403,103095,0
197596,152554,195902,34995,101031,1
195355,187025,151212,152831,157686,1
63395,46387,190592,174447,15118,0
17878,147506,100722,411,194455,0
94582,144077,128854,66400,130238,0
86971,79246,77875,129272,79948,0
169701,120629,132175,18686,148851,1
196195,162066,186615,187099,124168,1
6071,191961,143849,20834,94707,0
178329,66370,112624,151337,75182,1
83743,190542,25652,178909,131229,0
185342,36817,54337,72280,122095,1
156723,86946,46,186041,402,1
127330,194502,199513,187469,140627,0
165727,25131,198674,138860,133633,1
71488,65840,49916,10318,153012,0
78589,198491,124477,18993,153088,0
129764,113018,28312,82420,179434,0
28399,159117,163803,149659,44503,0
126062,54617,49761,178002,157370,0
62947,148113,156876,127790,74260,0
191634,93737,142337,145194,105388,1
167363,120294,94719,184942,97775,1
103870,71474,69632,156409,88013,0
78662,129528,8923,70433,92934,0
160999,9434,34585,35013,160821,1
154971,41259,144008,143771,9510,1
178720,4287,25259,95853,42875,1
55291,185111,174947,39957,105683,0
129108,184975,198570,2651,34025,0
69479,188019,91015,82102,35868,0
87770,166372,109018,82578,130229,0
169948,144177,125381,67651,110193,1
176738,13627,173787,743,147802,1
7848,29789,26881,188116,173703,0
92937,62474,85803,49860,42319,0
153373,190688,167442,73124,109660,1
28196,197351,127033,2648,93212,0
68920,46614,182886,107180,159095,0
177786,81785,124748,44603,18690,1
32585,8302,6266,34884,190030,0
28770,14443,181709,5337,87462,0
148050,11380,159871,183254,161082,0
13780,71851,48227,136987,14988,0
130586,150299,30843,144278,147509,0
94279,86116,145400,26815,125591,0
86139,162165,195113,34887,70769,0
107944,62838,147137,91989,165758,0
137052,159556,131682,121138,142854,0
42803,69316,37355,157994,108093,0
182168,69331,61014,54867,25747,1
26258,108743,134213,159612,108973,0
110342,95266,24016,73728,82595,0
148202,190314,163254,95399,198063,0
165021,121160,192509,119935,20256,1
82839,127966,171410,116556,42137,0
163093,52853,184420,134498,159987,1
68709,161490,64752,85358,17096,0
68362,84769,11807,88820,154207,0
53461,190942,25528,71610,172088,0
187862,2987,136479,109786,56448,1
139820,15425,172517,159174,88003,0
6223,20807,15562,278,195100,0
132429,119111,96568,177968,11728,0
170951,104532,66777,7325,118287,1
114512,39576,152106,156079,64725,0
90996,4214,57614,29929,64874,0
137085,94818,190648,35435,131008,0
24487,64681,147803,120467,495,0
125030,151227,76639,2229,54805,0
109618,152209,78563,85387,31329,0
126217,133672,119923,124132,176043,0
15529,140967,33821,39639,148148,0
97894,130920,24967,182793,8586,0
96517,123567,1222,74903,33661,0
193253,72167,102993,41778,64712,1
125797,93860,87952,185276,23253,0
88159,115535,181143,94295,90484,0
37285,150882,3183,49805,73434,0
168698,161731,194792,147764,83830,1
126543,177948,68105,105505,126056,0
7389,175829,42638,192281,101952,0
141285,53824,153571,169450,76074,0
17323,100831,118777,46996,113680,0
133364,58021,25182,162343,170226,0
116011,94014,113738,131948,118734,0
16583,51143,35884,160993,23311,0
88509,26724,92961,134121,108812,0
168776,174121,25863,40125,109734,1
26487,99557,766,153776,13732,0
69299,179364,160470,121189,188908,0
164753,88775,76569,47631,147259,1
153873,7743,186281,62618,45707,1
122823,40293,199386,131566,72622,0
7534,127547,64008,159328,7511,0
116663,47564,72178,195385,181491,0
149596,108394,16660,149823,17377,0
39386,11721,57743,4809,67528,0
168764,198354,176951,8240,124162,1
5200,137007,114083,58682,190670,0
188959,165942,42522,70784,189436,1
32254,62510,168157,104321,22854,0
11292,100380,104410,170151,9997,0
24276,130671,47825,135994,101804,0
50924,180808,190246,79282,6478,0
195582,163266,135043,159137,17539,1
189842,148293,137716,186534,176638,1
182555,37765,69079,102335,131838,1
22164,161817,46571,11132,181796,0
46435,179501,124819,188374,129811,0
79219,6361,33282,112348,56657,0
45417,96842,5868,162294,15198,0
104039,8898,19500,64771,102087,0
72217,137386,192356,123674,143191,0
47259,49853,196134,76650,54658,0
153703,123568,56480,3567,115484,1
74318,198337,197088,196621,113282,0
167905,106837,52381,49608,85916,1
196327,195925,145641,38951,149250,1
98128,45746,139113,80308,185981,0
43344,55541,75535,174921,135787,0
99831,78914,98693,161595,114300,0
143115,166741,116306,163399,44888,0
185795,8487,117998,25313,190230,1
